id,clase,path_rel,s01_zcr_mean,s01_rms_mean,s01_mfcc1_mean,s01_mfcc1_max,s01_mfcc1_std,s01_mfcc2_mean,s01_mfcc2_max,s01_mfcc2_std,s01_mfcc4_mean,s01_mfcc4_max,s01_mfcc4_std,s01_mfcc5_mean,s01_mfcc5_max,s01_mfcc5_std,s02_zcr_mean,s02_rms_mean,s02_mfcc1_mean,s02_mfcc1_max,s02_mfcc1_std,s02_mfcc2_mean,s02_mfcc2_max,s02_mfcc2_std,s02_mfcc4_mean,s02_mfcc4_max,s02_mfcc4_std,s02_mfcc5_mean,s02_mfcc5_max,s02_mfcc5_std,s03_zcr_mean,s03_rms_mean,s03_mfcc1_mean,s03_mfcc1_max,s03_mfcc1_std,s03_mfcc2_mean,s03_mfcc2_max,s03_mfcc2_std,s03_mfcc4_mean,s03_mfcc4_max,s03_mfcc4_std,s03_mfcc5_mean,s03_mfcc5_max,s03_mfcc5_std,s04_zcr_mean,s04_rms_mean,s04_mfcc1_mean,s04_mfcc1_max,s04_mfcc1_std,s04_mfcc2_mean,s04_mfcc2_max,s04_mfcc2_std,s04_mfcc4_mean,s04_mfcc4_max,s04_mfcc4_std,s04_mfcc5_mean,s04_mfcc5_max,s04_mfcc5_std,s05_zcr_mean,s05_rms_mean,s05_mfcc1_mean,s05_mfcc1_max,s05_mfcc1_std,s05_mfcc2_mean,s05_mfcc2_max,s05_mfcc2_std,s05_mfcc4_mean,s05_mfcc4_max,s05_mfcc4_std,s05_mfcc5_mean,s05_mfcc5_max,s05_mfcc5_std,s06_zcr_mean,s06_rms_mean,s06_mfcc1_mean,s06_mfcc1_max,s06_mfcc1_std,s06_mfcc2_mean,s06_mfcc2_max,s06_mfcc2_std,s06_mfcc4_mean,s06_mfcc4_max,s06_mfcc4_std,s06_mfcc5_mean,s06_mfcc5_max,s06_mfcc5_std,s07_zcr_mean,s07_rms_mean,s07_mfcc1_mean,s07_mfcc1_max,s07_mfcc1_std,s07_mfcc2_mean,s07_mfcc2_max,s07_mfcc2_std,s07_mfcc4_mean,s07_mfcc4_max,s07_mfcc4_std,s07_mfcc5_mean,s07_mfcc5_max,s07_mfcc5_std,s08_zcr_mean,s08_rms_mean,s08_mfcc1_mean,s08_mfcc1_max,s08_mfcc1_std,s08_mfcc2_mean,s08_mfcc2_max,s08_mfcc2_std,s08_mfcc4_mean,s08_mfcc4_max,s08_mfcc4_std,s08_mfcc5_mean,s08_mfcc5_max,s08_mfcc5_std,s09_zcr_mean,s09_rms_mean,s09_mfcc1_mean,s09_mfcc1_max,s09_mfcc1_std,s09_mfcc2_mean,s09_mfcc2_max,s09_mfcc2_std,s09_mfcc4_mean,s09_mfcc4_max,s09_mfcc4_std,s09_mfcc5_mean,s09_mfcc5_max,s09_mfcc5_std,s10_zcr_mean,s10_rms_mean,s10_mfcc1_mean,s10_mfcc1_max,s10_mfcc1_std,s10_mfcc2_mean,s10_mfcc2_max,s10_mfcc2_std,s10_mfcc4_mean,s10_mfcc4_max,s10_mfcc4_std,s10_mfcc5_mean,s10_mfcc5_max,s10_mfcc5_std
Cont_An,Contar,Contar/Cont_An.wav,0.09071428571428573,0.025288308039307594,-562.5091552734375,-350.3166809082031,138.58700561523438,137.90826416015625,212.82847595214844,57.88920593261719,-11.61021614074707,12.942996978759766,19.808034896850586,-12.830622673034668,19.025310516357422,15.891134262084961,0.05678571428571429,0.11971725523471832,-396.28009033203125,-295.1071472167969,54.49325180053711,184.72689819335938,210.91372680664062,25.225419998168945,-16.93926429748535,6.284833908081055,14.230152130126953,-43.427146911621094,-10.051745414733887,23.792804718017578,0.02107142857142857,0.08799469470977783,-458.23577880859375,-315.0553894042969,81.74156951904297,151.38011169433594,172.59500122070312,18.971057891845703,36.82463455200195,47.73272705078125,8.149491310119629,6.9556193351745605,18.819122314453125,5.391389846801758,0.024999999999999998,0.052500102669000626,-548.2162475585938,-332.0903015136719,116.93069458007812,157.0011749267578,196.88778686523438,26.886314392089844,41.762107849121094,50.90576934814453,6.878828525543213,22.046579360961914,33.16297149658203,6.961382865905762,0.07821428571428571,0.03554370254278183,-509.40240478515625,-241.02928161621094,173.55722045898438,129.15304565429688,212.6135711669922,45.116607666015625,14.579397201538086,44.024967193603516,17.882648468017578,-0.8180298209190369,22.625141143798828,15.107245445251465,0.14428571428571432,0.16393782198429108,-271.7430114746094,-215.37193298339844,28.31879234313965,152.6182403564453,174.6060791015625,12.83908462524414,-1.172066330909729,8.477412223815918,11.516018867492676,-25.124223709106445,0.8663126230239868,14.927146911621094,0.15714285714285717,0.15006306767463684,-298.5016784667969,-249.50552368164062,30.473609924316406,153.04049682617188,175.07728576660156,12.525300025939941,-1.4831116199493408,15.976754188537598,10.784707069396973,-23.777118682861328,0.3117762804031372,14.33524227142334,0.06357142857142857,0.06855888664722443,-377.8603210449219,-240.80355834960938,68.27035522460938,180.49441528320312,213.61605834960938,26.105337142944336,9.36238956451416,34.90584945678711,20.377103805541992,-3.47761869430542,23.114425659179688,14.769742965698242,0.03571428571428571,0.04496341198682785,-499.8282165527344,-416.7333679199219,56.24408721923828,160.7944793701172,197.51564025878906,24.43422508239746,28.459339141845703,43.446922302246094,10.940406799316406,1.7447434663772583,13.791250228881836,10.0064058303833,0.09999999999999998,0.0016632269835099578,-699.7406005859375,-530.832763671875,101.96015167236328,117.14558410644531,146.96920776367188,21.279146194458008,37.215423583984375,60.242305755615234,18.721376419067383,7.660727500915527,27.657289505004883,11.461044311523438
Cont_An2,Contar,Contar/Cont_An2.wav,0.09843750000000001,0.008962176740169525,-697.0477294921875,-447.3212585449219,181.00894165039062,119.62354278564453,209.63885498046875,62.46585464477539,-5.402529716491699,35.026268005371094,31.104248046875,-20.04368782043457,10.305828094482422,30.6179141998291,0.044687500000000005,0.09167101979255676,-420.87603759765625,-210.30490112304688,95.76619720458984,197.318359375,244.94070434570312,48.334190368652344,-34.736812591552734,-9.350029945373535,13.989823341369629,-46.813941955566406,-13.822652816772461,21.54472541809082,0.035937500000000004,0.10035686194896698,-401.84393310546875,-206.05848693847656,101.66463470458984,175.033935546875,224.34600830078125,41.832603454589844,6.346187591552734,41.031761169433594,25.009830474853516,-7.460367202758789,27.959304809570312,20.95509147644043,0.029687500000000002,0.03938310965895653,-594.562744140625,-387.1629333496094,107.528564453125,158.99884033203125,208.20574951171875,32.39158630371094,33.43962860107422,41.48728561401367,8.017807006835938,20.12813949584961,32.38657760620117,8.709156036376953,0.08218750000000001,0.10690084844827652,-367.20843505859375,-223.68682861328125,151.41908264160156,154.65493774414062,203.23675537109375,43.69521713256836,10.656919479370117,24.65491485595703,9.695711135864258,-29.7491455078125,7.742000579833984,19.830232620239258,0.0875,0.16133049130439758,-275.82611083984375,-228.50131225585938,27.217079162597656,154.84107971191406,183.0474090576172,11.38715934753418,-4.483500003814697,6.916505813598633,13.557777404785156,-31.676822662353516,-3.6366186141967773,13.1533203125,0.09531250000000001,0.11996597051620483,-294.7672119140625,-236.3244171142578,36.243412017822266,146.28500366210938,151.6583251953125,4.498265266418457,-11.117233276367188,3.731203556060791,14.21449089050293,-27.54669189453125,3.3590123653411865,17.96242332458496,0.074375,0.07003593444824219,-367.0893249511719,-244.7200164794922,73.8342056274414,171.44271850585938,211.846435546875,23.81761360168457,-1.523007869720459,17.593585968017578,14.088787078857422,-19.955455780029297,10.634166717529297,18.6550235748291,0.0484375,0.023178506642580032,-504.98455810546875,-394.4276428222656,57.48985290527344,181.1771240234375,218.0744171142578,23.727453231811523,40.77991485595703,71.75909423828125,18.350509643554688,14.4630126953125,53.17223358154297,19.212574005126953,0.0390625,0.008161519654095173,-712.655029296875,-525.562255859375,109.91351318359375,137.09288024902344,175.42388916015625,25.943920135498047,28.576705932617188,73.62406158447266,26.881887435913086,27.783124923706055,49.39331817626953,18.92476463317871
Cont_Chi,Contar,Contar/Cont_Chi.wav,0.08107142857142857,0.008647383190691471,-676.6073608398438,-404.1220397949219,151.16998291015625,106.9654312133789,190.07901000976562,54.69501495361328,-9.51244068145752,5.832903861999512,13.686725616455078,-27.373090744018555,4.604248046875,22.273374557495117,0.05821428571428571,0.105866439640522,-428.5057678222656,-365.9078063964844,33.07310485839844,167.30032348632812,209.65621948242188,21.020214080810547,11.74821949005127,27.996482849121094,9.490907669067383,-72.11422729492188,-20.233489990234375,25.61062240600586,0.04,0.13256363570690155,-439.7745056152344,-369.3099060058594,47.950923919677734,162.40440368652344,208.96881103515625,22.698833465576172,9.624402046203613,27.212112426757812,9.620905876159668,-27.806743621826172,12.658754348754883,25.705026626586914,0.031071428571428573,0.17296180129051208,-469.267333984375,-332.84173583984375,88.23812866210938,135.04385375976562,158.3925018310547,15.380878448486328,18.893497467041016,32.19534683227539,7.2516770362854,2.544869899749756,13.23997688293457,6.950643539428711,0.03142857142857143,0.019467800855636597,-615.2135009765625,-322.45703125,155.6712646484375,122.30018615722656,148.42086791992188,16.98710823059082,18.191471099853516,29.537216186523438,5.853647232055664,-0.3817267417907715,5.656820297241211,5.538190841674805,0.04857142857142858,0.03503333032131195,-566.6851196289062,-295.7891540527344,168.4208526611328,148.32034301757812,229.6038818359375,54.63254165649414,6.484043598175049,15.573829650878906,12.44027328491211,-23.107297897338867,-2.96514892578125,17.401107788085938,0.07607142857142857,0.099552683532238,-326.89276123046875,-282.2630615234375,27.8504638671875,179.74427795410156,186.55752563476562,7.507082462310791,13.040715217590332,22.042118072509766,7.435398101806641,-50.96304702758789,-32.31879806518555,11.708248138427734,0.07642857142857142,0.09286563098430634,-342.1159973144531,-294.6724853515625,28.74485206604004,182.07435607910156,199.18392944335938,10.270720481872559,7.820503234863281,24.596935272216797,14.825243949890137,-50.0420036315918,-26.318429946899414,16.094589233398438,0.05928571428571428,0.05297726392745972,-419.7760314941406,-327.8057556152344,54.047691345214844,210.89151000976562,233.21453857421875,18.76629066467285,9.564047813415527,27.398834228515625,16.925800323486328,-21.949016571044922,-9.707352638244629,8.095175743103027,0.06535714285714286,0.0057015446946024895,-614.9021606445312,-498.0605163574219,84.77495574951172,169.63536071777344,213.0,30.97242546081543,41.32905960083008,67.6898422241211,14.321600914001465,-20.74907112121582,-4.216090679168701,15.62494945526123
Cont_Chio,Contar,Contar/Cont_Chio.wav,0.07888888888888888,0.01825539395213127,-663.4461059570312,-431.1194763183594,168.1892852783203,146.82264709472656,226.6429443359375,59.73263168334961,-34.05784606933594,-4.536026954650879,27.19256019592285,-48.390933990478516,-11.848592758178711,31.2834415435791,0.07333333333333333,0.13394658267498016,-356.583740234375,-283.5470275878906,27.61846923828125,215.1678924560547,250.3818359375,24.012418746948242,-11.343450546264648,0.023466914892196655,11.916352272033691,-64.28529357910156,-34.38988494873047,16.186119079589844,0.021666666666666667,0.12513962388038635,-348.7070007324219,-258.06524658203125,45.8625602722168,170.85472106933594,191.02845764160156,20.15604019165039,15.152256965637207,35.22199630737305,22.077823638916016,-35.57311248779297,8.89192008972168,17.40473175048828,0.02277777777777778,0.07917598634958267,-434.3559265136719,-261.4276428222656,83.09132385253906,185.67364501953125,209.3827362060547,30.749794006347656,-5.373590469360352,21.26898193359375,18.753673553466797,-8.989627838134766,20.12106704711914,14.169498443603516,0.05805555555555556,0.046641625463962555,-442.4600830078125,-308.19476318359375,96.72240447998047,184.91436767578125,217.934814453125,24.561704635620117,7.909985065460205,41.228355407714844,22.196531295776367,-33.10646057128906,-5.910544395446777,24.880922317504883,0.09416666666666668,0.152247354388237,-287.2376403808594,-198.04844665527344,34.50477600097656,173.9104766845703,193.1160888671875,24.07930564880371,-12.99966049194336,6.22280216217041,13.707433700561523,-42.87059020996094,-14.829315185546875,16.187427520751953,0.09583333333333335,0.1148584708571434,-302.79107666015625,-204.05181884765625,45.00569152832031,175.69635009765625,203.154052734375,34.56161117553711,-7.686726093292236,6.650622844696045,15.277765274047852,-42.73072814941406,-14.322075843811035,17.61190414428711,0.08083333333333334,0.04868769273161888,-371.71063232421875,-352.1994934082031,11.33859634399414,200.69752502441406,214.71572875976562,20.80276107788086,22.132274627685547,34.33818054199219,11.667675971984863,-32.43319320678711,-11.010055541992188,11.495161056518555,0.07388888888888889,0.03937607258558273,-399.7134704589844,-374.7937316894531,17.416301727294922,204.73910522460938,233.13833618164062,27.34014892578125,26.466461181640625,41.954071044921875,13.402463912963867,-27.33417510986328,10.29875373840332,17.440868377685547,0.0475,0.013611027970910072,-506.8127136230469,-390.2480163574219,51.96182632446289,186.3971710205078,227.05978393554688,37.331478118896484,18.31995391845703,30.451732635498047,12.05508804321289,-9.524337768554688,8.258910179138184,11.373939514160156
Cont_Chio2,Contar,Contar/Cont_Chio2.wav,0.05361111111111111,0.027100209146738052,-626.3363037109375,-281.1332702636719,182.80116271972656,139.38368225097656,228.35557556152344,62.321800231933594,-26.253753662109375,27.81893539428711,50.74039840698242,-36.6746826171875,17.644725799560547,48.458438873291016,0.06944444444444445,0.13640367984771729,-347.8896179199219,-256.1826477050781,49.31155776977539,213.5710906982422,259.94610595703125,36.40004348754883,-15.40310001373291,2.301436424255371,13.709959983825684,-49.22126770019531,-28.129302978515625,10.155976295471191,0.042777777777777776,0.09321096539497375,-344.2746887207031,-266.48748779296875,46.30241012573242,173.3406524658203,196.2904815673828,21.9081974029541,23.849136352539062,45.88629913330078,22.84392547607422,-41.87805938720703,-7.13434362411499,14.532337188720703,0.021944444444444444,0.0952392965555191,-408.7819519042969,-259.9821472167969,75.04790496826172,175.85557556152344,207.31045532226562,31.700695037841797,13.637312889099121,32.45134735107422,10.460314750671387,-20.62135124206543,0.6634862422943115,13.079241752624512,0.05222222222222222,0.015706375241279602,-530.2587890625,-301.56732177734375,118.05377960205078,164.74749755859375,211.90908813476562,36.95083999633789,5.8469557762146,39.082855224609375,17.84684181213379,-31.90279197692871,-7.4117560386657715,15.427848815917969,0.09166666666666666,0.13742655515670776,-291.0337829589844,-266.4037170410156,13.17478084564209,170.6412811279297,191.63427734375,25.752784729003906,-1.281930923461914,10.715681076049805,9.781014442443848,-54.141136169433594,-22.167375564575195,16.563888549804688,0.10777777777777778,0.11990948766469955,-307.472900390625,-259.38665771484375,21.702402114868164,185.5072479248047,199.8741912841797,14.027825355529785,0.01421440951526165,13.803657531738281,12.518231391906738,-49.20326614379883,-22.88083267211914,10.955327987670898,0.08305555555555556,0.05370711907744408,-370.1338806152344,-295.1317443847656,48.079471588134766,206.97398376464844,238.1358184814453,30.315105438232422,4.000895977020264,19.40912628173828,16.802698135375977,-33.21024703979492,-16.484390258789062,10.991331100463867,0.06888888888888889,0.05134906992316246,-361.53173828125,-247.299072265625,53.69647979736328,200.83360290527344,236.95758056640625,43.21259307861328,15.791205406188965,36.2227668762207,14.038179397583008,-11.328636169433594,2.0551395416259766,8.180296897888184,0.0044444444444444444,0.004580437671393156,-875.3721313476562,-267.8731689453125,296.5348815917969,15.871585845947266,75.03477478027344,29.74181365966797,-1.325453758239746,0.0,2.5231356620788574,-2.3091015815734863,0.0,4.320389270782471
Cont_Cla,Contar,Contar/Cont_Cla.wav,0.11850000000000001,0.03214527666568756,-575.9752197265625,-255.62779235839844,193.1136932373047,81.57433319091797,176.29098510742188,69.11416625976562,-25.346275329589844,-4.30834436416626,18.51288414001465,-27.13519859313965,6.516138553619385,27.562572479248047,0.0695,0.12871217727661133,-388.767578125,-219.39450073242188,76.91284942626953,144.9510498046875,165.43289184570312,24.794815063476562,-23.34994888305664,-10.75974178314209,6.181110382080078,-62.793907165527344,-24.10141372680664,21.53615951538086,0.05625,0.12680743634700775,-391.3475646972656,-254.96372985839844,67.84993743896484,139.14120483398438,151.47262573242188,14.425806999206543,-20.0118350982666,7.9045209884643555,11.68644905090332,-43.28024673461914,-6.586912155151367,15.559361457824707,0.0375,0.16954389214515686,-437.216796875,-221.4128875732422,88.07862854003906,145.22732543945312,178.47958374023438,19.141008377075195,9.064767837524414,29.62087631225586,7.7208991050720215,-17.073104858398438,3.5401611328125,11.703926086425781,0.03824999999999999,0.024387218058109283,-593.7549438476562,-433.2005920410156,77.66671752929688,188.7203369140625,222.42588806152344,18.941068649291992,-17.46587371826172,28.240013122558594,25.356008529663086,-14.248907089233398,2.7215356826782227,9.440211296081543,0.0765,0.051982056349515915,-484.8860778808594,-244.69891357421875,181.8408203125,121.77181243896484,162.75662231445312,19.860347747802734,7.187987327575684,65.81370544433594,38.91337966918945,-40.2872314453125,11.518122673034668,30.932865142822266,0.12149999999999998,0.09824619442224503,-312.4338073730469,-254.5146942138672,29.281661987304688,128.89305114746094,170.21163940429688,15.049174308776855,32.69467544555664,45.72286605834961,10.010891914367676,-56.6726188659668,-29.456602096557617,14.572970390319824,0.1335,0.07778880000114441,-355.42633056640625,-300.33660888671875,28.340740203857422,150.23495483398438,187.91818237304688,20.83629035949707,41.9396858215332,50.88117980957031,5.215111255645752,-38.621238708496094,9.762999534606934,19.857267379760742,0.08850000000000001,0.0379607118666172,-414.4308166503906,-352.74847412109375,21.5821533203125,166.42738342285156,205.47830200195312,34.19697189331055,86.94770812988281,121.75306701660156,25.947952270507812,-9.980535507202148,14.447944641113281,14.440863609313965,0.189,0.016877422109246254,-466.64215087890625,-333.5223388671875,68.20885467529297,98.99650573730469,136.66702270507812,21.15961456298828,103.95361328125,133.27772521972656,27.447895050048828,-29.492238998413086,-2.0847983360290527,14.890039443969727
Cont_Cla2,Contar,Contar/Cont_Cla2.wav,0.10977272727272727,0.05202684551477432,-547.973876953125,-320.1592102050781,159.13182067871094,104.21121215820312,190.7745361328125,72.7646484375,-39.741939544677734,-10.089434623718262,24.883394241333008,-32.65053176879883,-6.463874816894531,21.47283935546875,0.07181818181818184,0.12399046868085861,-409.3966064453125,-236.9923553466797,70.73490905761719,157.72976684570312,172.45571899414062,15.767328262329102,-29.444053649902344,-4.156556606292725,10.550993919372559,-60.98642349243164,-14.189849853515625,20.90589141845703,0.06136363636363637,0.13863803446292877,-415.5041809082031,-290.4943542480469,56.69871520996094,145.37872314453125,163.5457763671875,14.940224647521973,-21.458364486694336,9.988954544067383,11.488273620605469,-32.80204772949219,-3.7571775913238525,15.00466251373291,0.03659090909090909,0.1577855497598648,-450.8826904296875,-242.0371551513672,80.34830474853516,137.88006591796875,161.573486328125,17.03683853149414,17.931642532348633,25.628921508789062,2.8262805938720703,-19.85434913635254,3.1046504974365234,14.083637237548828,0.05136363636363637,0.02220705896615982,-605.5453491210938,-383.6509094238281,91.30135345458984,162.0841064453125,197.2054901123047,19.271291732788086,-19.661426544189453,25.875452041625977,22.887401580810547,-14.847624778747559,5.188531398773193,11.255552291870117,0.0825,0.04514060541987419,-523.9932861328125,-247.85887145996094,197.78318786621094,112.872802734375,161.64028930664062,24.32503318786621,9.242011070251465,60.61050033569336,33.904850006103516,-43.59211730957031,-9.060698509216309,26.374752044677734,0.11545454545454546,0.10557115077972412,-306.4218444824219,-231.72471618652344,33.82815170288086,120.09379577636719,129.5049285888672,15.899530410766602,19.585779190063477,35.418426513671875,12.956537246704102,-44.52659225463867,7.051163196563721,21.1307430267334,0.12272727272727274,0.07607103139162064,-341.29241943359375,-220.84652709960938,47.834739685058594,123.32733917236328,170.95608520507812,29.562448501586914,34.17905807495117,66.57745361328125,20.386430740356445,-36.276187896728516,18.1591796875,24.918699264526367,0.09613636363636363,0.040825918316841125,-402.1478576660156,-367.2008361816406,19.466297149658203,152.32846069335938,193.62571716308594,29.723833084106445,75.39132690429688,86.68754577636719,9.405875205993652,-18.20231819152832,2.5382509231567383,13.302933692932129,0.12704545454545452,0.013916697353124619,-493.97900390625,-422.9599914550781,40.46318817138672,103.51953125,120.4623031616211,17.098751068115234,112.60132598876953,134.49195861816406,26.029273986816406,-18.76831817626953,7.035323143005371,14.00859260559082
Cont_Crist,Contar,Contar/Cont_Crist.wav,0.12416666666666665,0.003819386474788189,-657.4235229492188,-508.1204833984375,76.02569580078125,118.3847427368164,165.8253173828125,27.139150619506836,42.21331787109375,49.94236755371094,7.425825595855713,-26.81993865966797,-11.44522762298584,10.019673347473145,0.035833333333333335,0.12485092878341675,-386.3111267089844,-243.353515625,66.89409637451172,202.29920959472656,226.03607177734375,27.64529800415039,13.65280818939209,22.86398696899414,7.692025184631348,-55.2501220703125,-16.062820434570312,27.128023147583008,0.03375,0.15867869555950165,-358.111083984375,-237.8542938232422,72.5464859008789,187.3933868408203,228.3717498779297,36.671417236328125,11.23741626739502,26.562938690185547,8.671250343322754,-29.733720779418945,8.15553092956543,25.015228271484375,0.028333333333333335,0.1333378106355667,-403.181396484375,-310.6083984375,62.62004089355469,171.5947265625,195.18807983398438,22.283823013305664,38.786190032958984,48.0765495300293,7.424777507781982,5.733627796173096,17.32400894165039,6.30559778213501,0.02291666666666667,0.04246998950839043,-507.9742736816406,-331.11181640625,102.9813232421875,162.60899353027344,211.76171875,33.50816345214844,42.34846878051758,47.159420013427734,5.025219440460205,20.51304817199707,38.84833526611328,8.690657615661621,0.029583333333333333,0.02891494892537594,-488.7373962402344,-292.6754455566406,113.45011901855469,138.3098602294922,166.68801879882812,15.299604415893555,35.13737106323242,53.58128356933594,12.779757499694824,-8.982473373413086,40.720298767089844,41.950565338134766,0.07333333333333332,0.10849379748106003,-296.9296875,-266.2679443359375,25.508907318115234,165.3240203857422,184.6492462158203,18.749889373779297,12.950440406799316,24.692138671875,9.926941871643066,-57.212337493896484,-13.932796478271484,27.714759826660156,0.06916666666666667,0.06930907070636749,-344.2601318359375,-275.7059631347656,40.2599983215332,186.76219177246094,218.13482666015625,32.94252395629883,12.420154571533203,29.334049224853516,15.498509407043457,-27.8480167388916,-4.312257766723633,14.860528945922852,0.03125,0.030731074512004852,-466.668212890625,-388.87310791015625,62.978187561035156,174.7118682861328,217.65725708007812,34.14866256713867,42.422203063964844,64.74092864990234,16.644847869873047,-19.961294174194336,12.095785140991211,15.945838928222656,0.03125,0.0057303118519485,-580.3817749023438,-504.72845458984375,43.82289123535156,108.75399780273438,135.2017822265625,13.388884544372559,66.39485931396484,104.59663391113281,27.651824951171875,0.8161535263061523,17.971981048583984,13.923506736755371
Cont_Est,Contar,Contar/Cont_Est.wav,0.13527777777777777,0.03044033795595169,-555.7705078125,-245.08250427246094,208.61859130859375,99.47624969482422,171.92279052734375,65.61042785644531,-20.313692092895508,10.213289260864258,22.853160858154297,-41.85523223876953,8.277819633483887,37.26665115356445,0.0825,0.19471509754657745,-265.2565002441406,-217.51881408691406,20.842355728149414,120.86591339111328,136.33224487304688,9.52754020690918,-15.70940113067627,-3.5907742977142334,7.5749287605285645,-102.12272644042969,-41.94302749633789,28.622365951538086,0.06333333333333332,0.06251684576272964,-368.5202941894531,-284.62890625,47.26460647583008,143.1069793701172,153.81253051757812,10.896693229675293,-13.948119163513184,-6.140280723571777,6.713942050933838,-81.86737823486328,-31.056371688842773,23.302499771118164,0.04638888888888889,0.03687162697315216,-459.0208740234375,-334.1182556152344,59.84745788574219,145.2769775390625,163.93423461914062,16.87653160095215,-21.223543167114258,-8.032028198242188,9.407281875610352,-56.02191162109375,-14.40703010559082,21.00754737854004,0.06472222222222224,0.027313973754644394,-486.1239013671875,-227.689697265625,112.22631072998047,138.92816162109375,163.2239990234375,24.42662239074707,-23.794885635375977,29.552824020385742,24.594192504882812,-51.875911712646484,-23.76570701599121,14.323070526123047,0.0863888888888889,0.14006662368774414,-262.8414611816406,-213.5944061279297,22.537927627563477,114.45845794677734,148.93838500976562,17.001462936401367,11.847724914550781,26.768497467041016,18.642847061157227,-75.40143585205078,-37.036033630371094,17.36495590209961,0.09527777777777777,0.11697755753993988,-292.1556396484375,-245.26976013183594,23.28818130493164,124.367431640625,147.54718017578125,9.794903755187988,7.604772567749023,19.836801528930664,6.068977355957031,-73.608642578125,-47.21348190307617,12.133734703063965,0.08527777777777779,0.07124000042676926,-366.1991882324219,-281.1506042480469,57.9116096496582,136.6009979248047,161.94728088378906,20.09453582763672,0.41222402453422546,17.142499923706055,12.51883316040039,-56.63361358642578,-32.17501449584961,17.025894165039062,0.08166666666666667,0.021050529554486275,-446.6907958984375,-386.9242858886719,24.227153778076172,158.16537475585938,171.5977020263672,17.280452728271484,19.972070693969727,41.84456253051758,16.827030181884766,-50.78567886352539,-15.448328018188477,16.00377082824707,0.06472222222222222,0.010435257107019424,-521.7308349609375,-396.16204833984375,61.77994918823242,147.82273864746094,172.06430053710938,20.619054794311523,11.699566841125488,27.931005477905273,13.674299240112305,-20.119556427001953,9.212072372436523,15.830167770385742
Cont_Lou,Contar,Contar/Cont_Lou.wav,0.05916666666666667,0.01103963702917099,-612.0660400390625,-386.197265625,155.4188995361328,176.612548828125,237.21934509277344,54.8204345703125,-7.473010540008545,65.64495849609375,45.484466552734375,-24.257089614868164,13.891653060913086,29.6579647064209,0.05958333333333333,0.11412301659584045,-351.3990173339844,-299.02642822265625,38.30592346191406,173.44081115722656,197.0627899169922,25.943527221679688,-18.443876266479492,-2.8939006328582764,13.823736190795898,-59.38679885864258,-21.4439697265625,26.717561721801758,0.042916666666666665,0.09250395745038986,-370.5234069824219,-263.278076171875,60.93425750732422,169.3654327392578,209.4710235595703,34.81842041015625,-15.94554615020752,-0.9675631523132324,7.540531158447266,-32.247947692871094,-3.0360047817230225,20.257415771484375,0.023749999999999997,0.11141026020050049,-388.1466979980469,-289.2491455078125,59.82331466674805,150.1636505126953,179.8095703125,28.329092025756836,23.696325302124023,35.38074493408203,9.269576072692871,7.382070064544678,14.395084381103516,5.671982765197754,0.02333333333333333,0.08910202234983444,-428.7940979003906,-289.9322814941406,79.57369232177734,156.77015686035156,196.16964721679688,38.43283462524414,21.860610961914062,26.368274688720703,3.1207127571105957,9.938782691955566,16.91863250732422,4.738921165466309,0.022083333333333333,0.04312768578529358,-509.8509521484375,-353.0355224609375,90.24501037597656,155.02369689941406,203.23660278320312,44.37653350830078,17.78929328918457,22.772857666015625,3.527350664138794,15.816975593566895,28.593643188476562,7.726008892059326,0.045000000000000005,0.07451771944761276,-361.0487365722656,-240.9513397216797,72.49341583251953,153.8712615966797,200.8966064453125,31.370647430419922,8.506928443908691,23.069650650024414,13.803593635559082,-30.47242546081543,8.796613693237305,25.821704864501953,0.08999999999999998,0.15769922733306885,-272.8029479980469,-221.83143615722656,27.394926071166992,143.7965087890625,173.59762573242188,20.334747314453125,11.803306579589844,31.017227172851562,21.114397048950195,-44.17655944824219,-22.285995483398438,11.982376098632812,0.09000000000000001,0.08104050904512405,-334.9103698730469,-278.2971496582031,46.924896240234375,168.86756896972656,196.19810485839844,29.999874114990234,28.41449546813965,37.574493408203125,7.238394260406494,-51.3192138671875,-35.32350158691406,10.073880195617676,0.12208333333333332,0.012071657925844193,-426.7964172363281,-382.2698974609375,25.924217224121094,108.59098052978516,136.97488403320312,18.331907272338867,62.11777877807617,99.57907104492188,28.569917678833008,-48.27018737792969,-20.723033905029297,22.246646881103516
Cont_Lou2,Contar,Contar/Cont_Lou2.wav,0.07857142857142856,0.018119070678949356,-594.90966796875,-313.4355773925781,159.5077362060547,123.48554229736328,166.27938842773438,53.78951644897461,-20.92502212524414,15.2586669921875,28.85532569885254,-25.184734344482422,-2.539341926574707,22.086048126220703,0.03,0.14917553961277008,-389.02996826171875,-270.1500549316406,83.20055389404297,178.21070861816406,213.282470703125,26.67618179321289,-19.226181030273438,6.884732246398926,15.367809295654297,-29.759206771850586,-6.28920841217041,14.189444541931152,0.026071428571428572,0.1276007443666458,-393.7395935058594,-249.34701538085938,85.40373229980469,167.04298400878906,203.88650512695312,37.45916748046875,7.599584102630615,26.849191665649414,11.921079635620117,-9.06025505065918,12.0825834274292,10.272141456604004,0.024999999999999998,0.13336248695850372,-435.6624450683594,-282.1828308105469,94.18383026123047,145.6693115234375,173.4368133544922,23.31500244140625,44.974266052246094,65.64525604248047,14.192327499389648,15.757664680480957,18.30853271484375,1.40057373046875,0.024999999999999998,0.09441973268985748,-518.630859375,-310.4556884765625,105.6153793334961,145.65199279785156,166.62771606445312,17.857749938964844,41.81997299194336,53.69280242919922,8.118318557739258,20.479827880859375,26.24117660522461,3.3134706020355225,0.03892857142857143,0.0016311985673382878,-760.5789794921875,-547.8548583984375,107.93929290771484,123.38469696044922,145.32028198242188,14.875874519348145,28.2745304107666,39.56999969482422,6.385443687438965,13.448893547058105,20.311988830566406,6.348841667175293,0.062142857142857146,0.06631994992494583,-412.5979919433594,-291.8338928222656,69.63248443603516,193.6253662109375,241.19644165039062,38.88404846191406,8.072915077209473,32.14164352416992,18.005922317504883,-39.985084533691406,-24.938861846923828,7.6423444747924805,0.06964285714285715,0.0852719396352768,-344.50946044921875,-252.08958435058594,54.23075866699219,181.90585327148438,226.61630249023438,35.044349670410156,-7.390786647796631,6.020163536071777,10.34945011138916,-28.83845329284668,-15.624977111816406,8.584197998046875,0.07571428571428572,0.06674880534410477,-352.60784912109375,-266.1658020019531,81.22154998779297,194.46633911132812,224.20164489746094,34.454505920410156,18.52083396911621,35.47653579711914,16.220590591430664,-35.6663932800293,-15.884635925292969,11.298908233642578,0.2514285714285714,0.006309011019766331,-571.90673828125,-513.2994384765625,33.965232849121094,103.56205749511719,132.0645294189453,18.95682716369629,85.75224304199219,117.49425506591797,20.301799774169922,-52.78755569458008,-40.314266204833984,8.483305931091309
Cont_Mari,Contar,Contar/Cont_Mari.wav,0.06333333333333334,0.004096772521734238,-681.9540405273438,-455.7142639160156,122.85431671142578,125.55899047851562,189.85275268554688,45.30031204223633,14.61992359161377,42.39923095703125,23.5015811920166,-4.404087066650391,21.226505279541016,27.590373992919922,0.06458333333333334,0.06958192586898804,-414.1907653808594,-313.0599060058594,55.91442108154297,179.0926971435547,209.27560424804688,24.817222595214844,-19.005935668945312,-9.439125061035156,8.005253791809082,-72.03097534179688,-43.70488739013672,21.488483428955078,0.07583333333333332,0.13017712533473969,-340.29022216796875,-258.9624938964844,49.735774993896484,154.1897430419922,168.6881866455078,10.752202033996582,-9.623763084411621,1.6522772312164307,11.00381851196289,-78.49576568603516,-41.29182434082031,26.252904891967773,0.03875,0.0916043221950531,-384.8385009765625,-262.98236083984375,65.41422271728516,161.2630615234375,172.92724609375,8.656148910522461,19.56661033630371,41.35993957519531,17.478450775146484,-37.083065032958984,-5.686755180358887,20.066329956054688,0.025416666666666667,0.11898151785135269,-424.8778991699219,-355.61407470703125,40.395957946777344,158.727294921875,170.82275390625,9.680304527282715,38.02296829223633,49.963287353515625,10.639108657836914,-27.452796936035156,-4.9052019119262695,15.806086540222168,0.028333333333333335,0.02182801067829132,-521.2936401367188,-363.7445373535156,104.51846313476562,150.45408630371094,194.5567626953125,44.22731018066406,16.83693504333496,31.382936477661133,9.23732852935791,-13.50376033782959,4.56417179107666,12.367314338684082,0.0675,0.1350112110376358,-320.2405700683594,-242.7220001220703,42.430328369140625,159.59930419921875,201.27587890625,41.19430160522461,-5.005829334259033,4.584887504577637,10.710951805114746,-57.9019775390625,-9.310864448547363,27.13739585876465,0.07666666666666667,0.11595276743173599,-301.53448486328125,-212.11512756347656,48.78105163574219,162.82994079589844,196.6404571533203,32.663082122802734,3.726348638534546,23.65372657775879,15.299948692321777,-57.02376937866211,-25.970584869384766,19.28374671936035,0.0825,0.05665012076497078,-400.3988342285156,-339.9964904785156,38.624778747558594,172.56398010253906,190.99749755859375,20.61163902282715,22.683151245117188,43.853355407714844,15.845391273498535,-57.82786178588867,-33.924171447753906,13.410863876342773,0.20333333333333334,0.011895229108631611,-469.1466369628906,-438.8237609863281,18.9418888092041,117.67853546142578,141.398681640625,20.67751693725586,49.437744140625,80.4246826171875,24.23176383972168,-80.60809326171875,-56.64183807373047,16.295433044433594
Cont_Mari2,Contar,Contar/Cont_Mari2.wav,0.13125,0.029374951496720314,-605.4420166015625,-309.78948974609375,205.94313049316406,82.30196380615234,207.903076171875,77.93121337890625,-3.3274192810058594,12.577577590942383,13.54562759399414,-33.30791473388672,3.678679943084717,40.732383728027344,0.05625,0.11838781833648682,-411.102783203125,-283.3503112792969,61.12697982788086,156.69985961914062,186.29727172851562,20.901470184326172,-8.096988677978516,7.166238307952881,10.507205963134766,-79.84707641601562,-16.209508895874023,29.296525955200195,0.05075,0.08650338649749756,-415.13922119140625,-300.5853271484375,60.27781295776367,147.4605255126953,160.04449462890625,11.765789985656738,-16.308273315429688,15.240453720092773,11.993698120117188,-47.540218353271484,10.770108222961426,25.09378433227539,0.03275,0.16737130284309387,-455.96826171875,-290.972412109375,82.5799789428711,137.69647216796875,156.85848999023438,15.645803451538086,19.010900497436523,29.759593963623047,8.885065078735352,8.437138557434082,17.107982635498047,6.032774448394775,0.03325,0.06874340027570724,-568.5730590820312,-291.64410400390625,119.10394287109375,113.25617980957031,146.87890625,24.058082580566406,19.88908576965332,32.97063446044922,8.991106033325195,4.208791732788086,14.324195861816406,9.128181457519531,0.07599999999999998,0.06649906933307648,-465.939208984375,-249.0323944091797,195.12057495117188,124.59654235839844,188.01651000976562,39.53841018676758,20.612363815307617,47.341209411621094,17.61199188232422,-26.83626365661621,19.29640769958496,31.80068588256836,0.13899999999999998,0.0999181717634201,-316.9069519042969,-257.5412292480469,27.762353897094727,143.7140655517578,167.419921875,13.96882152557373,3.935471296310425,12.603801727294922,13.250529289245605,-46.13408279418945,-2.5292508602142334,19.7821102142334,0.08149999999999999,0.06320015341043472,-376.8961486816406,-306.1808166503906,47.07835006713867,172.8011016845703,201.34503173828125,13.854973793029785,25.494953155517578,35.70374298095703,9.713321685791016,-42.46874237060547,-17.721614837646484,11.760554313659668,0.05450000000000001,0.06929576396942139,-391.6717834472656,-353.06512451171875,34.59870910644531,208.45730590820312,245.41635131835938,40.159637451171875,42.431785583496094,65.63455963134766,11.46936321258545,-30.32156753540039,-4.615684509277344,10.003198623657227,0.0455,0.009006249718368053,-619.0248413085938,-415.5534362792969,108.57140350341797,147.91598510742188,174.18148803710938,24.582988739013672,36.62956237792969,73.58820343017578,27.606782913208008,2.523298978805542,12.761722564697266,6.425292491912842
Cont_Mari3,Contar,Contar/Cont_Mari3.wav,0.07100000000000001,0.044242970645427704,-546.788818359375,-307.2008361816406,161.26173400878906,107.81214904785156,193.46990966796875,74.43316650390625,-6.895097255706787,9.416967391967773,19.34084129333496,-23.372055053710938,0.4830149710178375,19.76081657409668,0.052000000000000005,0.09582728892564774,-404.8606872558594,-277.2183837890625,65.76433563232422,151.63558959960938,168.14083862304688,11.84151840209961,12.923480033874512,24.04722023010254,8.452439308166504,-74.46886444091797,-21.760454177856445,30.73737335205078,0.040999999999999995,0.08589306473731995,-422.02972412109375,-275.84246826171875,61.890533447265625,153.19766235351562,176.09661865234375,14.158590316772461,8.063629150390625,23.497455596923828,7.978344917297363,-61.53010940551758,2.6135470867156982,36.939205169677734,0.030500000000000006,0.15928062796592712,-463.3026428222656,-293.1400451660156,67.15509033203125,149.1963653564453,178.38516235351562,15.202590942382812,21.38168716430664,34.332916259765625,5.850351810455322,0.8832213282585144,11.895685195922852,6.497841835021973,0.0315,0.1057528629899025,-543.4609375,-291.60406494140625,109.17967224121094,111.70362854003906,147.0741424560547,28.960952758789062,27.555667877197266,43.900543212890625,10.60662841796875,7.424261569976807,13.772255897521973,5.555179119110107,0.06050000000000001,0.04494781047105789,-534.1532592773438,-282.1662292480469,195.50015258789062,123.36961364746094,187.84576416015625,40.60087203979492,19.927175521850586,52.275535583496094,15.44794750213623,-16.713367462158203,7.165566444396973,18.253732681274414,0.13699999999999998,0.0898161381483078,-328.2012939453125,-279.0789489746094,24.58683967590332,153.6502227783203,159.8777313232422,4.4311418533325195,7.7689313888549805,28.326263427734375,10.276453018188477,-34.745765686035156,-3.948831081390381,15.635497093200684,0.12325,0.06904251873493195,-352.9553527832031,-307.3409423828125,24.5025691986084,154.66244506835938,171.3005828857422,9.974552154541016,20.66360092163086,32.90390396118164,12.984992980957031,-32.68431854248047,-9.628265380859375,12.142057418823242,0.07150000000000001,0.03587689995765686,-422.547607421875,-326.71514892578125,59.941322326660156,185.8895721435547,235.97659301757812,31.734804153442383,15.96705150604248,32.08759689331055,10.409070014953613,-23.310630798339844,-7.377200126647949,9.692057609558105,0.04474999999999999,0.020963530987501144,-514.0687255859375,-337.4820861816406,86.24297332763672,151.16122436523438,200.13665771484375,27.70310401916504,28.44296646118164,66.24121856689453,27.900251388549805,-37.972476959228516,-8.034907341003418,19.089780807495117
Cont_Pil,Contar,Contar/Cont_Pil.wav,0.09916666666666667,0.007817181758582592,-645.7753295898438,-419.9231872558594,165.6935577392578,125.95352172851562,196.87802124023438,53.790592193603516,3.7933413982391357,36.68379211425781,25.559101104736328,-31.43694496154785,6.680658340454102,32.24391174316406,0.06583333333333334,0.12279487401247025,-375.6221618652344,-255.1511688232422,55.33440017700195,161.7001953125,176.40310668945312,13.920629501342773,-32.208221435546875,-27.119983673095703,3.6864566802978516,-60.65138626098633,-29.044239044189453,21.437767028808594,0.06416666666666666,0.08018145710229874,-364.1109313964844,-243.64413452148438,66.19783020019531,156.9178466796875,170.57095336914062,10.594200134277344,-14.274901390075684,9.70258617401123,16.078420639038086,-32.579410552978516,0.6111091375350952,19.256534576416016,0.04833333333333333,0.0422203429043293,-445.6214904785156,-374.1650085449219,54.70326614379883,155.16513061523438,172.59622192382812,20.690011978149414,22.790273666381836,35.35360336303711,10.301412582397461,-28.130727767944336,-0.26360368728637695,19.19365692138672,0.0375,0.01998726837337017,-502.0806579589844,-359.7613830566406,75.5296401977539,140.7086944580078,163.912353515625,22.173063278198242,27.379159927368164,55.58606719970703,21.218812942504883,-28.630216598510742,0.05459773540496826,24.68658447265625,0.034583333333333334,0.004271199461072683,-640.81689453125,-570.4078369140625,43.05835723876953,151.90708923339844,180.99832153320312,19.614259719848633,15.86611270904541,31.87221908569336,11.729273796081543,-13.847319602966309,11.390559196472168,18.43097686767578,0.08125,0.14177432656288147,-332.1454162597656,-267.55126953125,67.0979995727539,158.1930694580078,181.18661499023438,16.186609268188477,2.129335403442383,14.426368713378906,12.939642906188965,-56.61135482788086,-31.291959762573242,13.135223388671875,0.09083333333333332,0.15247640013694763,-298.5675964355469,-236.7287139892578,37.99190902709961,135.30836486816406,144.62954711914062,7.971469879150391,-12.606188774108887,0.5955938100814819,13.402283668518066,-56.24028015136719,-26.73282241821289,14.21844482421875,0.09458333333333334,0.05539187416434288,-376.886474609375,-243.87423706054688,82.72418975830078,140.43017578125,172.59481811523438,17.98990821838379,-6.540489673614502,15.065299034118652,20.87635612487793,-46.2767219543457,-24.812679290771484,15.301579475402832,0.05875,0.009256907738745213,-580.8463745117188,-424.7083740234375,203.446044921875,114.229736328125,170.6014404296875,56.745784759521484,2.147874116897583,35.840518951416016,21.509506225585938,-33.98158645629883,0.0,23.544200897216797
Cont_Pil2,Contar,Contar/Cont_Pil2.wav,0.14406249999999998,0.023099325597286224,-632.197998046875,-395.6265869140625,164.8153533935547,97.63939666748047,186.18673706054688,61.51156997680664,-21.45650291442871,15.739055633544922,31.640287399291992,-20.305299758911133,15.937207221984863,38.878639221191406,0.049375,0.0663888230919838,-430.8363037109375,-294.72039794921875,65.7411117553711,186.5464324951172,212.17132568359375,25.3204345703125,-30.091156005859375,-14.0830078125,9.014178276062012,-52.15496826171875,-21.346147537231445,20.960596084594727,0.045625,0.07624350488185883,-425.70733642578125,-291.17059326171875,59.598995208740234,192.13795471191406,213.843017578125,25.953046798706055,-8.660242080688477,36.93551254272461,20.60308837890625,-36.87102508544922,2.524399995803833,20.7916202545166,0.026562500000000003,0.03686077147722244,-507.5057067871094,-373.6648864746094,60.63644027709961,171.97984313964844,209.38995361328125,35.15733337402344,20.400148391723633,28.603660583496094,6.359059810638428,-15.205183029174805,7.521438121795654,14.437932968139648,0.02375,0.04077134653925896,-509.6232604980469,-373.4960021972656,66.95410919189453,137.98968505859375,171.57870483398438,26.185489654541016,20.01080322265625,32.442344665527344,6.915409564971924,-14.889089584350586,12.491819381713867,17.566505432128906,0.0396875,0.009209775365889072,-559.1049194335938,-346.45831298828125,134.13143920898438,136.29576110839844,171.6894073486328,22.697757720947266,26.116073608398438,45.5697135925293,11.513934135437012,-20.256359100341797,7.6743292808532715,22.521814346313477,0.0775,0.18548683822155,-279.095458984375,-150.40382385253906,55.71457290649414,136.84844970703125,160.99594116210938,30.89302635192871,-12.388694763183594,9.343929290771484,18.242101669311523,-43.631446838378906,-20.79977798461914,16.785982131958008,0.088125,0.1727980673313141,-273.7993469238281,-156.7622528076172,53.26006317138672,125.57591247558594,151.47454833984375,26.967485427856445,-24.409217834472656,-12.835100173950195,11.357813835144043,-45.60231018066406,-20.35559844970703,20.33454132080078,0.0753125,0.039734385907649994,-409.48443603515625,-314.510498046875,51.958580017089844,158.90817260742188,209.75511169433594,41.5495719909668,-14.588881492614746,-3.724616527557373,8.365917205810547,-32.01470184326172,-10.986164093017578,13.812007904052734,0.0565625,0.007579844444990158,-585.7401123046875,-399.6606750488281,104.45831298828125,159.6388702392578,204.25904846191406,40.126216888427734,-9.397363662719727,7.333436012268066,12.47835636138916,-24.873136520385742,-8.929900169372559,8.87231731414795
Cont_Rob,Contar,Contar/Cont_Rob.wav,0.14406249999999998,0.03049412928521633,-519.5745239257812,-265.0155944824219,179.16143798828125,94.17127227783203,180.93948364257812,60.53914260864258,36.564064025878906,64.32470703125,19.973651885986328,-29.524639129638672,15.579730987548828,25.911518096923828,0.059062500000000004,0.17722859978675842,-296.7037353515625,-251.64634704589844,29.074968338012695,179.87240600585938,190.01100158691406,9.612228393554688,18.3834228515625,30.950313568115234,9.422886848449707,-75.53926086425781,-19.919898986816406,27.312007904052734,0.053125000000000006,0.13309039175510406,-317.78125,-256.86517333984375,29.302413940429688,160.71957397460938,170.19003295898438,12.906953811645508,19.197513580322266,37.50543212890625,10.830890655517578,-64.63346862792969,-3.496997117996216,28.880239486694336,0.0215625,0.07976602762937546,-406.03521728515625,-302.6116638183594,52.79747009277344,153.5614776611328,176.2945098876953,19.45619773864746,41.32797622680664,63.50029373168945,17.46794891357422,-17.141769409179688,12.64366340637207,15.316512107849121,0.040625,0.02048463001847267,-458.5994873046875,-410.7626647949219,34.4874382019043,127.12513732910156,172.70407104492188,21.71845054626465,37.49968719482422,64.96182250976562,22.61299705505371,-39.96675109863281,-10.116355895996094,17.51784896850586,0.058125,0.10828149318695068,-316.2608337402344,-256.37359619140625,41.01323699951172,158.55543518066406,177.37576293945312,24.136505126953125,28.389850616455078,42.90231704711914,10.981534004211426,-39.99504089355469,-14.963111877441406,14.91415023803711,0.07,0.10162187367677689,-280.3858642578125,-242.59027099609375,20.134037017822266,162.7216339111328,182.95700073242188,25.96584701538086,27.07843780517578,46.71529006958008,20.43410873413086,-40.3730354309082,-13.360917091369629,17.88874053955078,0.06,0.053415823727846146,-336.46771240234375,-234.5166778564453,55.62765121459961,155.2567901611328,187.18565368652344,33.137046813964844,33.595497131347656,49.82054138183594,19.260900497436523,-35.969215393066406,-17.934810638427734,13.844874382019043,0.042812499999999996,0.03131579980254173,-434.99822998046875,-400.9000244140625,20.100059509277344,207.8603515625,226.38864135742188,15.692996978759766,34.448028564453125,47.220130920410156,9.117076873779297,-24.337448120117188,0.21733325719833374,13.884079933166504,0.05125,0.01317865401506424,-515.8441772460938,-467.826904296875,32.255374908447266,202.20669555664062,235.08395385742188,34.727718353271484,38.52820587158203,64.32752990722656,20.256561279296875,-3.9572267532348633,11.900375366210938,12.274879455566406
Cont_Tom,Contar,Contar/Cont_Tom.wav,0.03375,0.019103672355413437,-513.0877685546875,-315.3206787109375,118.68855285644531,137.17047119140625,157.7645721435547,22.761383056640625,32.187835693359375,56.340118408203125,21.840988159179688,-29.946025848388672,14.061294555664062,41.308433532714844,0.05375,0.1507289707660675,-322.3307800292969,-275.3251953125,24.874570846557617,196.69007873535156,210.71231079101562,18.756174087524414,10.194419860839844,24.69837188720703,11.94609546661377,-65.50440979003906,-43.43780517578125,13.003951072692871,0.0478125,0.108679860830307,-331.8690490722656,-286.0912170410156,31.532468795776367,182.18496704101562,209.3236083984375,35.30398178100586,-1.8718876838684082,22.353572845458984,11.411935806274414,-35.17915344238281,10.481222152709961,24.8148193359375,0.0278125,0.09249855577945709,-413.4777526855469,-279.9232177734375,58.84739303588867,160.98516845703125,187.7974395751953,31.710046768188477,39.693115234375,48.26921844482422,4.470554828643799,-3.2018990516662598,9.455480575561523,7.52101993560791,0.034687499999999996,0.04918438941240311,-502.74835205078125,-414.09124755859375,61.56714630126953,165.32138061523438,195.9295196533203,26.320283889770508,49.24897766113281,61.177001953125,8.813735961914062,-6.543519496917725,5.940987586975098,8.695915222167969,0.078125,0.009738299064338207,-531.0975341796875,-359.3009948730469,98.43915557861328,140.50985717773438,150.58633422851562,7.8445305824279785,37.6810302734375,66.18772888183594,15.320843696594238,-28.71508026123047,-5.251701354980469,11.897867202758789,0.07343749999999999,0.11444171518087387,-273.1105041503906,-216.1431121826172,31.514347076416016,156.5447540283203,168.1405029296875,10.078597068786621,9.938718795776367,23.630613327026367,12.421185493469238,-47.47108459472656,-17.20406150817871,16.88059425354004,0.0728125,0.12868329882621765,-249.8827362060547,-217.85336303710938,21.44257164001465,156.76480102539062,181.41256713867188,19.648893356323242,-0.3493781089782715,18.05929946899414,15.810894966125488,-47.41166687011719,-21.151302337646484,17.944496154785156,0.0709375,0.048643119633197784,-377.3426513671875,-248.50257873535156,82.37918853759766,169.13894653320312,216.779052734375,31.621511459350586,33.756710052490234,70.14173889160156,35.01829528808594,-36.45647430419922,-12.263036727905273,16.58856964111328,0.0675,0.008087096735835075,-553.7339477539062,-481.9534606933594,72.37364196777344,121.30381774902344,170.7828369140625,32.38922882080078,86.60415649414062,107.981201171875,13.198704719543457,-39.782325744628906,-16.805248260498047,13.771000862121582
Cont_Tom2,Contar,Contar/Cont_Tom2.wav,0.0575,0.013525416143238544,-604.6026611328125,-288.068359375,140.8351593017578,131.9222412109375,174.4604949951172,20.87198829650879,11.260290145874023,48.019248962402344,34.719207763671875,-30.300474166870117,-9.275283813476562,20.359682083129883,0.061785714285714284,0.109308622777462,-319.5846862792969,-247.27719116210938,33.16162872314453,170.7001953125,213.7256317138672,47.84767150878906,8.421916007995605,24.29713249206543,15.922515869140625,-49.340362548828125,-2.0259294509887695,30.025720596313477,0.028214285714285713,0.13198672235012054,-334.9429016113281,-248.27891540527344,47.601585388183594,184.57568359375,207.6296844482422,22.259130477905273,15.072827339172363,46.317588806152344,20.551462173461914,-33.6616325378418,8.797672271728516,23.328086853027344,0.024999999999999998,0.13923007249832153,-410.9800720214844,-370.7256774902344,19.5833797454834,175.54598999023438,180.85769653320312,3.0104596614837646,46.222652435302734,57.1782112121582,10.485804557800293,-1.6768468618392944,11.136730194091797,8.090226173400879,0.02178571428571429,0.06341191381216049,-498.25830078125,-422.33026123046875,42.04301834106445,183.71188354492188,199.597412109375,14.830853462219238,35.09965896606445,43.759639739990234,8.46353530883789,-2.01123046875,21.017715454101562,10.05486011505127,0.030714285714285715,0.010186033323407173,-604.6854248046875,-520.7122192382812,51.97864532470703,157.84632873535156,193.6779022216797,33.88985824584961,35.34919738769531,47.54911804199219,11.21300983428955,-15.419451713562012,10.483573913574219,16.181381225585938,0.06892857142857142,0.07584186643362045,-347.58355712890625,-288.0105895996094,59.81298828125,173.79067993164062,203.05007934570312,30.02369499206543,23.85765266418457,39.791717529296875,10.871725082397461,-40.701297760009766,-13.009672164916992,12.996928215026855,0.07250000000000001,0.11837013065814972,-260.2072448730469,-215.35614013671875,22.1610164642334,181.65133666992188,200.01773071289062,17.749170303344727,30.21827507019043,51.25920104980469,14.173589706420898,-48.239925384521484,-17.53824234008789,13.895659446716309,0.07178571428571427,0.06047680601477623,-345.8375549316406,-250.06568908691406,76.93547058105469,144.9834442138672,192.37338256835938,41.28424072265625,52.37590789794922,87.07421875,28.56207275390625,-33.95078659057617,-9.692869186401367,16.06147575378418,0.13892857142857143,0.009540624916553497,-526.1813354492188,-416.9717102050781,185.6688232421875,84.9876937866211,127.01290893554688,28.373079299926758,77.80413818359375,105.17625427246094,35.769447326660156,-36.59421157836914,5.4735260009765625,29.769861221313477
Cont_Tom3,Contar,Contar/Cont_Tom3.wav,0.06343750000000001,0.05153370276093483,-556.9337158203125,-248.75247192382812,198.56605529785156,112.1549072265625,180.46617126464844,40.87555694580078,-2.8145875930786133,13.06834602355957,8.823504447937012,-35.447818756103516,6.164254188537598,47.363155364990234,0.06843750000000001,0.20856986939907074,-281.02777099609375,-239.5841064453125,22.422834396362305,199.61642456054688,224.3511962890625,26.587059020996094,0.7372150421142578,19.9898681640625,14.672186851501465,-73.1649169921875,-30.1885986328125,25.33350944519043,0.030625000000000003,0.09849626570940018,-344.486328125,-248.16905212402344,51.8796501159668,192.8119354248047,214.94271850585938,26.501861572265625,2.7866835594177246,33.014976501464844,21.464487075805664,-24.707284927368164,15.123191833496094,24.44226837158203,0.02375,0.08698801696300507,-422.82318115234375,-386.9779968261719,24.789875030517578,172.6436767578125,189.88180541992188,23.0118465423584,39.80155944824219,51.28022003173828,11.48037052154541,14.26187515258789,21.077224731445312,4.638533115386963,0.021249999999999998,0.04446740448474884,-482.5667724609375,-365.7545166015625,53.529335021972656,144.18943786621094,163.3409881591797,19.655466079711914,53.684608459472656,70.9964599609375,16.561017990112305,12.783601760864258,30.76409149169922,12.112173080444336,0.02375,0.012087848968803883,-626.3572998046875,-440.6714782714844,88.47517395019531,148.85792541503906,172.94998168945312,16.042442321777344,41.77897644042969,59.67509460449219,11.713181495666504,10.732463836669922,23.993667602539062,8.004339218139648,0.09812500000000002,0.019492285326123238,-530.2418212890625,-318.5825500488281,169.52394104003906,133.5111541748047,192.20223999023438,27.630956649780273,29.013507843017578,53.17193603515625,16.862871170043945,-22.721712112426758,12.966029167175293,30.196548461914062,0.0728125,0.07672946155071259,-317.9999694824219,-280.4774169921875,34.17368698120117,183.74063110351562,226.94863891601562,32.709144592285156,5.324596405029297,23.465482711791992,17.439800262451172,-42.13850402832031,-9.902824401855469,21.5013370513916,0.0890625,0.10125530511140823,-294.00677490234375,-235.1818389892578,45.47410202026367,173.24893188476562,188.09469604492188,16.536338806152344,-2.9229702949523926,5.486849784851074,10.847566604614258,-50.418846130371094,-16.88963508605957,15.415830612182617,0.1325,0.012816953472793102,-476.9317932128906,-406.564208984375,52.79947280883789,154.25564575195312,201.44078063964844,24.419017791748047,44.072021484375,64.4255599975586,18.809560775756836,-48.633583068847656,-17.286684036254883,15.300480842590332
Cont_Tom4,Contar,Contar/Cont_Tom4.wav,0.07999999999999999,0.034422118216753006,-528.0342407226562,-243.3245086669922,174.12806701660156,128.27206420898438,208.36053466796875,53.69136047363281,-14.11333179473877,22.105426788330078,25.505538940429688,-30.96087646484375,12.62265396118164,29.028316497802734,0.038000000000000006,0.2253694087266922,-336.4029235839844,-200.20286560058594,59.948158264160156,189.94631958007812,217.7505340576172,26.407529830932617,-26.631336212158203,-3.732072353363037,11.734726905822754,-41.64442825317383,-8.166459083557129,17.3134822845459,0.028749999999999998,0.1467568427324295,-415.574462890625,-253.9468536376953,77.35596466064453,172.61123657226562,198.35232543945312,24.48905372619629,-21.156320571899414,13.606027603149414,15.991875648498535,-21.01070785522461,6.022714614868164,27.272619247436523,0.027999999999999997,0.061072297394275665,-558.407958984375,-301.3123779296875,106.50067138671875,141.6760711669922,159.11422729492188,18.641408920288086,15.278951644897461,35.168495178222656,9.704900741577148,18.823997497558594,28.889705657958984,8.670502662658691,0.03675,0.004575148690491915,-740.9559326171875,-558.3800659179688,73.25907135009766,135.16683959960938,160.1357879638672,13.365328788757324,36.133705139160156,50.7225341796875,7.310798645019531,1.8839012384414673,20.719404220581055,9.701703071594238,0.09725,0.030562978237867355,-498.56829833984375,-282.7234802246094,187.1526641845703,141.8317413330078,209.15545654296875,54.31876754760742,22.19719696044922,64.61511993408203,22.745431900024414,-28.751468658447266,-1.6554256677627563,20.058385848999023,0.0905,0.0503106527030468,-343.4490051269531,-286.8846130371094,25.421646118164062,175.41195678710938,200.5855712890625,29.475448608398438,6.714378356933594,18.58603286743164,10.703862190246582,-28.356685638427734,4.277241230010986,16.10062026977539,0.08225,0.0525796040892601,-357.6868591308594,-323.45513916015625,18.117403030395508,190.64010620117188,205.06088256835938,15.711941719055176,4.078986167907715,17.415363311767578,8.19701099395752,-21.997426986694336,5.513745307922363,13.92291259765625,0.05874999999999999,0.046702973544597626,-374.2558288574219,-324.27679443359375,20.43860626220703,194.9794921875,214.56082153320312,23.097267150878906,11.777817726135254,27.554595947265625,11.857940673828125,-19.52310562133789,4.377120494842529,11.724111557006836,0.1575,0.017672602087259293,-466.5533752441406,-395.4272766113281,55.5617561340332,132.82337951660156,208.47872924804688,68.32505798339844,53.84130096435547,75.81954956054688,23.12448501586914,-32.96827697753906,-6.016717910766602,15.673879623413086
Prop__An2,Proporcion,Proporcion/Prop__An2.wav,0.0945,0.06315042823553085,-509.5924377441406,-250.75216674804688,165.44827270507812,122.77398681640625,211.05929565429688,67.71862030029297,24.189865112304688,52.93614196777344,18.026098251342773,-9.75134563446045,0.9524949193000793,8.6937837600708,0.04775,0.14618739485740662,-367.7593688964844,-235.6161346435547,57.071563720703125,167.10305786132812,215.56503295898438,30.29780387878418,-3.9250926971435547,21.56915283203125,18.75521469116211,-28.73006248474121,9.269928932189941,20.996994018554688,0.05,0.009754253551363945,-576.5780029296875,-357.6585998535156,113.98666381835938,137.41217041015625,190.05084228515625,26.87590980529785,16.615276336669922,33.651859283447266,12.920055389404297,-6.590821743011475,16.363229751586914,14.793987274169922,0.05175,0.0937311202287674,-456.39288330078125,-332.697998046875,64.64651489257812,219.1820831298828,248.39630126953125,24.724123001098633,-4.560976982116699,19.110435485839844,11.799579620361328,-42.49769592285156,-6.845241546630859,19.978622436523438,0.21300000000000002,0.03350729122757912,-464.9927673339844,-366.9148254394531,36.730552673339844,99.17361450195312,204.0191650390625,76.0128402709961,35.87713623046875,59.44422912597656,18.529895782470703,-15.318262100219727,12.769362449645996,20.572303771972656,0.48024999999999995,0.011816390790045261,-506.71221923828125,-458.0802001953125,33.753868103027344,27.173992156982422,89.85150909423828,33.17784881591797,50.74342727661133,111.40440368652344,29.717174530029297,-66.0459213256836,-12.352272987365723,24.704835891723633,0.05375,0.11187289655208588,-354.4420471191406,-278.1820068359375,34.12721633911133,139.57208251953125,159.3638458251953,7.431336402893066,66.4168472290039,110.63444519042969,28.326122283935547,-44.17963790893555,-7.697100639343262,17.23120880126953,0.07675000000000001,0.1063094288110733,-353.336181640625,-246.59921264648438,53.165061950683594,152.602783203125,178.2159423828125,20.739925384521484,13.152631759643555,30.32779312133789,8.701629638671875,-16.06763458251953,7.262619495391846,15.77112102508545,0.03175,0.15432175993919373,-468.6849060058594,-236.52645874023438,115.24373626708984,133.2772674560547,157.95962524414062,18.740238189697266,25.983264923095703,41.12133026123047,10.304929733276367,4.581742286682129,12.80506706237793,6.2389936447143555,0.0335,0.01670020818710327,-670.5263061523438,-308.8061218261719,158.17062377929688,101.62440490722656,136.0261993408203,21.696672439575195,31.52800941467285,42.30592346191406,7.996669769287109,15.121679306030273,31.77147674560547,9.363065719604492
Prop_An,Proporcion,Proporcion/Prop_An.wav,0.09277777777777779,0.054701369255781174,-523.348876953125,-327.4022521972656,159.45150756835938,115.71145629882812,202.17550659179688,62.623619079589844,19.977718353271484,37.556129455566406,13.495174407958984,-9.056601524353027,9.43776798248291,14.350932121276855,0.05194444444444444,0.12375511229038239,-374.8924560546875,-303.0388488769531,29.419527053833008,159.0519256591797,180.90505981445312,24.911684036254883,18.60172462463379,49.26483917236328,18.406784057617188,-20.104440689086914,15.141359329223633,17.497400283813477,0.06555555555555555,0.012409531511366367,-572.8547973632812,-371.4090270996094,114.24343872070312,144.04270935058594,199.88864135742188,26.441734313964844,18.98320198059082,29.626245498657227,8.60692310333252,-14.569028854370117,-1.9520509243011475,9.057558059692383,0.0563888888888889,0.12685030698776245,-415.38043212890625,-383.9453430175781,28.264156341552734,210.32373046875,237.3258056640625,17.081457138061523,-28.39746856689453,-7.1200690269470215,8.759245872497559,-38.85786056518555,-4.892851829528809,21.998764038085938,0.25833333333333336,0.040564991533756256,-466.7350769042969,-384.0423278808594,51.00884246826172,101.6595687866211,201.23992919921875,67.53030395507812,24.706802368164062,46.557769775390625,13.587347984313965,-21.79606056213379,10.72994613647461,18.358190536499023,0.5225000000000001,0.009890910238027573,-527.127685546875,-446.6840515136719,42.10781478881836,24.821489334106445,46.57518768310547,14.715043067932129,42.6669921875,95.78128051757812,24.279560089111328,-59.289794921875,-29.212871551513672,22.669105529785156,0.05361111111111111,0.1274769902229309,-355.5146484375,-292.9774169921875,29.897729873657227,115.26114654541016,133.90025329589844,13.346230506896973,65.540771484375,117.49365234375,31.84483528137207,-36.2416877746582,-6.325156211853027,13.171185493469238,0.06972222222222223,0.10557987540960312,-351.30145263671875,-264.6350402832031,40.71023941040039,157.12420654296875,178.1116485595703,16.082015991210938,-4.66850471496582,5.92209529876709,5.249776840209961,-27.406970977783203,11.820722579956055,20.63457489013672,0.029444444444444447,0.10581307113170624,-485.3287658691406,-341.58819580078125,60.402591705322266,162.99525451660156,181.51541137695312,21.25278091430664,29.943546295166016,42.08388900756836,9.07236099243164,2.413811206817627,13.939067840576172,7.9289984703063965,0.0044444444444444444,0.026211261749267578,-685.9151000976562,-420.1903381347656,167.64218139648438,58.28458023071289,180.06124877929688,82.47380065917969,11.21957015991211,38.5574951171875,16.020610809326172,5.542176246643066,19.31475067138672,7.943158149719238
Prop_Chi,Proporcion,Proporcion/Prop_Chi.wav,0.08833333333333332,0.029903646558523178,-521.7596435546875,-334.48040771484375,93.44727325439453,127.26394653320312,191.68121337890625,44.26598358154297,43.070980072021484,65.49667358398438,16.750770568847656,-30.32193946838379,0.5806185007095337,16.835588455200195,0.04722222222222222,0.14610907435417175,-366.36004638671875,-233.46263122558594,52.65319061279297,168.5367431640625,197.4188232421875,33.81935501098633,23.513410568237305,34.745330810546875,10.819806098937988,-30.16619110107422,0.6264482736587524,21.147397994995117,0.03638888888888889,0.04927663877606392,-520.23779296875,-224.9459228515625,145.35057067871094,164.96646118164062,226.77528381347656,36.6985969543457,-0.45918479561805725,12.215871810913086,8.468005180358887,-15.321528434753418,6.332001686096191,15.142069816589355,0.06916666666666667,0.1290511190891266,-423.51556396484375,-228.9657745361328,117.31036376953125,147.42837524414062,186.08920288085938,39.83682632446289,4.536539554595947,26.766998291015625,12.941896438598633,-71.84762573242188,-12.72304916381836,40.27750015258789,0.08249999999999999,0.056544773280620575,-408.5108947753906,-225.7582244873047,86.82670593261719,134.1018829345703,220.16616821289062,49.79670715332031,30.68496322631836,71.56025695800781,34.603843688964844,-48.00926208496094,-25.401161193847656,15.152819633483887,0.3313888888888889,0.003826931118965149,-554.725830078125,-459.5653076171875,51.154781341552734,69.19126892089844,88.84819030761719,16.6881160736084,58.59224319458008,71.87794494628906,11.722329139709473,-80.72106170654297,-41.586082458496094,16.767696380615234,0.15000000000000002,0.06540791690349579,-472.0650939941406,-258.2750244140625,109.0986328125,107.81484985351562,160.7723388671875,42.25666046142578,74.58478546142578,121.98808288574219,37.6735725402832,-43.680477142333984,-16.851160049438477,14.566414833068848,0.05222222222222223,0.11439886689186096,-369.4602966308594,-252.2238311767578,52.99747848510742,194.40603637695312,228.46461486816406,40.52635955810547,-11.729040145874023,6.041201591491699,14.144279479980469,-31.48995590209961,-14.345702171325684,8.930060386657715,0.03305555555555556,0.08573735505342484,-505.31640625,-365.7662658691406,68.51056671142578,185.5874481201172,217.65956115722656,16.858850479125977,30.604122161865234,55.57512664794922,21.261075973510742,5.509093761444092,28.503719329833984,12.226347923278809,0.027500000000000004,0.011287560686469078,-693.5562133789062,-609.5960083007812,53.36621856689453,163.53286743164062,210.302001953125,31.62413215637207,49.01729202270508,70.93388366699219,16.239948272705078,-0.8405759930610657,12.119258880615234,8.50928783416748
Prop_Chio,Proporcion,Proporcion/Prop_Chio.wav,0.07075,0.03648218885064125,-525.5149536132812,-361.2137756347656,137.3625946044922,174.62997436523438,268.633056640625,56.31521224975586,3.0457863807678223,15.974130630493164,10.184531211853027,3.922248125076294,26.843212127685547,22.377845764160156,0.06875,0.14373941719532013,-334.9857177734375,-269.25421142578125,24.337902069091797,191.95111083984375,213.33885192871094,22.63263511657715,-15.50024700164795,-0.8404091000556946,11.500210762023926,-30.815227508544922,-5.785292148590088,18.687271118164062,0.051000000000000004,0.039823345839977264,-419.2422790527344,-283.8836975097656,79.39210510253906,183.8347930908203,228.7300567626953,44.68218231201172,-0.7710714340209961,20.26673126220703,16.486705780029297,-23.039722442626953,-14.016836166381836,4.080966472625732,0.06974999999999999,0.11425846815109253,-341.20343017578125,-271.2559509277344,35.223243713378906,195.5804443359375,227.58792114257812,38.17964172363281,-20.86758041381836,-9.946136474609375,10.567451477050781,-42.5140380859375,-14.157514572143555,19.304122924804688,0.05625,0.06746440380811691,-352.0004577636719,-290.4142761230469,33.78319549560547,179.12246704101562,220.35340881347656,30.500890731811523,13.335229873657227,36.67011260986328,16.467878341674805,-40.43781280517578,-3.4822652339935303,18.37139892578125,0.24825,0.020427675917744637,-389.26531982421875,-363.4028015136719,16.457033157348633,89.99989318847656,130.2078857421875,27.400266647338867,62.11945724487305,75.08604431152344,7.845191478729248,-67.70720672607422,-34.065818786621094,18.06852149963379,0.13874999999999998,0.0762263759970665,-342.1265869140625,-278.3553771972656,49.643009185791016,109.56266021728516,172.61146545410156,48.87617492675781,84.38534545898438,105.10934448242188,19.729955673217773,-46.43593978881836,-7.407258033752441,15.412826538085938,0.062,0.11217720806598663,-289.0019836425781,-219.5358428955078,32.06215286254883,182.4981231689453,209.38565063476562,29.23678207397461,31.97344398498535,50.54975891113281,16.185623168945312,-44.19309616088867,-7.363851547241211,18.975862503051758,0.0425,0.10628749430179596,-342.6046142578125,-228.9969482421875,52.74831771850586,182.58657836914062,213.03250122070312,37.41339111328125,35.643192291259766,59.2100944519043,18.615623474121094,-34.20231246948242,11.697554588317871,23.502517700195312,0.0022500000000000003,0.0245429128408432,-679.3260498046875,-327.7110900878906,210.305419921875,48.45021438598633,155.53073120117188,64.09732055664062,8.64277458190918,28.65866470336914,12.210034370422363,1.9210401773452759,12.803461074829102,5.19122314453125
Prop_Chio2,Proporcion,Proporcion/Prop_Chio2.wav,0.060000000000000005,0.06349795311689377,-510.7337341308594,-255.75807189941406,191.4220428466797,155.6686553955078,257.7955627441406,83.59991455078125,-2.4378044605255127,12.187210083007812,9.185308456420898,-4.302419185638428,7.4564690589904785,12.847288131713867,0.054791666666666676,0.14004716277122498,-350.3763732910156,-248.53514099121094,42.31329345703125,184.814453125,204.25897216796875,23.93505859375,-5.9588398933410645,14.383320808410645,9.654021263122559,-23.91523551940918,2.8328216075897217,16.335956573486328,0.06541666666666666,0.05529269203543663,-403.8848571777344,-218.74952697753906,73.08194732666016,182.42933654785156,240.71109008789062,37.42354965209961,-4.531444072723389,9.956972122192383,10.566621780395508,-26.97153663635254,-1.742471694946289,17.781719207763672,0.055,0.11493414640426636,-329.7685852050781,-199.175537109375,47.72495651245117,200.5370330810547,234.6092987060547,33.12969207763672,-7.634061336517334,20.559268951416016,13.94008731842041,-35.09103775024414,-18.334087371826172,12.173150062561035,0.14958333333333332,0.03254471346735954,-369.3289794921875,-331.6950988769531,14.309160232543945,122.34701538085938,188.55259704589844,41.61998748779297,49.54536819458008,71.17210388183594,20.581748962402344,-58.49687194824219,-21.442832946777344,15.831215858459473,0.136875,0.09030204266309738,-321.8652648925781,-232.91900634765625,51.160579681396484,112.36811065673828,165.3453369140625,40.70219802856445,63.84050369262695,90.08609008789062,25.53646469116211,-44.60490798950195,-13.065335273742676,12.978426933288574,0.06062500000000001,0.09822975844144821,-319.3208312988281,-240.99334716796875,33.766658782958984,184.77410888671875,204.94613647460938,22.485363006591797,12.236920356750488,26.600723266601562,15.57078742980957,-53.13286209106445,-16.33340835571289,21.2390079498291,0.029583333333333333,0.0924406573176384,-372.47216796875,-303.27166748046875,34.68185806274414,191.02354431152344,219.34384155273438,30.59608268737793,16.857446670532227,34.03895950317383,16.820785522460938,-40.022151947021484,-10.07371711730957,12.062968254089355,0.016666666666666666,0.06148942932486534,-458.705078125,-327.65753173828125,63.59343338012695,188.87498474121094,221.54879760742188,42.37432098388672,18.818471908569336,37.74760437011719,11.023176193237305,-25.664236068725586,18.054656982421875,21.867229461669922,0.008333333333333333,0.016307657584547997,-710.3218383789062,-348.8381042480469,176.55996704101562,99.4446029663086,214.01483154296875,91.38665008544922,9.01676082611084,34.05420684814453,12.437540054321289,-1.4011777639389038,14.717913627624512,9.20152473449707
Prop_Cla,Proporcion,Proporcion/Prop_Cla.wav,0.07192307692307692,0.12927493453025818,-392.0213317871094,-260.9500732421875,46.561214447021484,121.54161834716797,180.55767822265625,18.859561920166016,-6.233449935913086,32.274688720703125,19.262216567993164,-59.665611267089844,-21.153642654418945,16.881380081176758,0.07423076923076924,0.08270952105522156,-458.3320007324219,-361.2074890136719,50.38452911376953,155.88308715820312,190.97259521484375,19.94059181213379,-35.30412292480469,-24.347209930419922,7.873192310333252,-80.11910247802734,-21.175891876220703,20.78948402404785,0.08153846153846153,0.009588073939085007,-622.757080078125,-579.8836669921875,23.245391845703125,165.90916442871094,183.44317626953125,10.10820198059082,-36.95549011230469,-17.509841918945312,11.628543853759766,-51.258277893066406,-1.0960092544555664,21.260292053222656,0.07096153846153845,0.09415224939584732,-479.07537841796875,-278.7617492675781,117.9548110961914,134.97740173339844,200.2641143798828,38.994117736816406,-19.258026123046875,29.269699096679688,18.737192153930664,-49.965538024902344,-20.26502227783203,27.84869384765625,0.07365384615384615,0.10875803977251053,-389.0234680175781,-268.5675048828125,58.85139846801758,137.40692138671875,151.57150268554688,8.712010383605957,-19.03740882873535,-6.656865119934082,7.466429233551025,-70.11888885498047,-21.14310073852539,26.888059616088867,0.06384615384615386,0.09579057991504669,-386.6695861816406,-266.69061279296875,54.20486068725586,130.25045776367188,159.190673828125,16.59401512145996,8.87038516998291,53.99170684814453,21.54290008544922,-36.02178192138672,-10.018486976623535,20.724885940551758,0.17807692307692308,0.035596881061792374,-376.2420349121094,-302.9968566894531,36.490318298339844,80.36536407470703,128.7810516357422,30.28217887878418,64.59227752685547,91.43533325195312,23.189998626708984,-42.34347915649414,-6.283070087432861,21.284137725830078,0.21442307692307688,0.04659467563033104,-460.79742431640625,-271.6861267089844,75.81333923339844,46.20478820800781,110.40744018554688,35.76129150390625,40.18341827392578,99.93824768066406,36.87635040283203,-71.17912292480469,-32.01835632324219,17.988994598388672,0.057307692307692316,0.12568935751914978,-351.4073791503906,-269.3834533691406,34.16262435913086,133.49725341796875,159.6643524169922,18.742759704589844,17.42086410522461,76.85248565673828,32.24771499633789,-54.29823303222656,-13.784269332885742,16.752422332763672,0.04826923076923078,0.10247467458248138,-405.7061767578125,-296.0413513183594,42.8973388671875,170.30844116210938,192.57852172851562,20.36978530883789,24.788578033447266,46.95354461669922,16.780179977416992,-16.47218894958496,14.638470649719238,17.645706176757812
Prop_Cla2,Proporcion,Proporcion/Prop_Cla2.wav,0.07541666666666667,0.12005781382322311,-385.057373046875,-289.5954284667969,40.16822814941406,138.90773010253906,167.1541290283203,11.340741157531738,-25.443952560424805,-17.554458618164062,5.048601150512695,-69.0655517578125,-36.94456481933594,14.142083168029785,0.07187499999999998,0.06930626183748245,-500.1126708984375,-322.8765869140625,79.62705993652344,166.6299591064453,192.07156372070312,21.574796676635742,-56.53531265258789,-27.197811126708984,20.194385528564453,-49.84267044067383,-28.28072738647461,18.135156631469727,0.07125000000000001,0.08173736929893494,-441.2132568359375,-302.49853515625,101.43643951416016,139.22158813476562,198.46380615234375,40.241519927978516,-8.00430965423584,59.35749435424805,37.11688232421875,-55.91291809082031,-33.53533172607422,17.908082962036133,0.065625,0.14159950613975525,-374.033935546875,-236.6204833984375,48.74042892456055,163.6067352294922,191.12478637695312,17.93170166015625,-15.159953117370605,2.187631130218506,7.631321907043457,-80.55329132080078,-26.251428604125977,22.5787353515625,0.06624999999999999,0.12729434669017792,-375.1119689941406,-217.99131774902344,58.52085494995117,143.68861389160156,171.4632568359375,19.69062614440918,-3.0956315994262695,32.445125579833984,13.485495567321777,-48.565311431884766,-12.683085441589355,24.41847038269043,0.22333333333333336,0.027629414573311806,-410.5935363769531,-350.37213134765625,50.71527099609375,86.1627197265625,142.4071044921875,29.064748764038086,59.96712112426758,107.26010131835938,28.6768856048584,-76.45557403564453,-41.09638977050781,24.526933670043945,0.295,0.0353262796998024,-483.0917663574219,-235.51239013671875,95.47254180908203,38.00546646118164,92.24424743652344,33.105018615722656,42.656463623046875,111.29872131347656,39.38319396972656,-81.74364471435547,-28.889698028564453,18.348649978637695,0.06229166666666666,0.12956590950489044,-349.8014221191406,-215.93519592285156,49.99010467529297,134.92678833007812,173.98941040039062,26.82562255859375,35.68436813354492,102.9334487915039,31.332157135009766,-45.406497955322266,-13.474854469299316,19.67839813232422,0.051458333333333335,0.10455373674631119,-385.7613525390625,-292.2981872558594,50.15109634399414,164.33966064453125,176.26422119140625,16.068092346191406,29.833816528320312,44.026153564453125,12.997306823730469,-26.31458854675293,-0.16680338978767395,15.418441772460938,0.055000000000000014,0.02662047930061817,-513.8043823242188,-272.07470703125,96.79674530029297,156.11045837402344,181.9736328125,23.181062698364258,39.47848129272461,61.90351104736328,15.40351390838623,-11.744354248046875,10.81406021118164,14.592378616333008
Prop_Crist,Proporcion,Proporcion/Prop_Crist.wav,0.07892857142857145,0.03683057054877281,-566.2276611328125,-324.14837646484375,127.13093566894531,120.56417083740234,224.79733276367188,63.48404312133789,39.379966735839844,49.25923156738281,6.819412708282471,-17.482812881469727,-2.2505674362182617,10.501691818237305,0.04071428571428571,0.17865251004695892,-327.8636779785156,-251.27444458007812,33.845916748046875,207.58790588378906,229.66061401367188,26.553058624267578,19.890424728393555,28.054824829101562,7.524710655212402,-12.225385665893555,23.826499938964844,24.46174430847168,0.03750000000000001,0.085049569606781,-441.9019470214844,-224.13082885742188,122.24427032470703,187.8108673095703,232.36465454101562,36.157752990722656,4.572603702545166,14.795639991760254,5.447671890258789,-12.19440746307373,2.830620288848877,9.80154037475586,0.03785714285714285,0.10976828634738922,-429.7426452636719,-336.33441162109375,52.60676193237305,205.0831298828125,236.5856170654297,42.1292724609375,4.3592329025268555,14.248800277709961,7.520304203033447,-49.701988220214844,-14.79232120513916,24.98093032836914,0.03464285714285714,0.10090317577123642,-373.51422119140625,-325.3200988769531,29.046106338500977,210.62002563476562,250.37525939941406,38.95891189575195,2.63053297996521,40.113990783691406,24.397356033325195,-18.707929611206055,0.06585133075714111,15.966790199279785,0.26071428571428573,0.026512909680604935,-464.23858642578125,-422.14471435546875,23.534683227539062,68.17801666259766,112.39515686035156,34.04167175292969,96.48760223388672,131.8809814453125,32.93572235107422,-74.10597229003906,-44.920597076416016,20.598613739013672,0.165,0.06315211951732635,-422.14849853515625,-301.05523681640625,69.58267974853516,98.00406646728516,185.2044677734375,73.20455932617188,93.35145568847656,116.12158203125,24.904895782470703,-31.109968185424805,-6.506432056427002,11.84537410736084,0.04964285714285714,0.0655125081539154,-385.65118408203125,-298.9765930175781,50.50327682495117,173.00857543945312,197.74850463867188,26.39992332458496,36.705265045166016,58.13027572631836,13.301201820373535,-18.43553352355957,2.0653774738311768,15.569681167602539,0.030714285714285715,0.031157730147242546,-502.52252197265625,-466.1515197753906,20.41497230529785,169.77249145507812,192.06619262695312,27.5068359375,46.36665725708008,63.7554931640625,15.502420425415039,2.5606167316436768,22.0504150390625,13.238147735595703,0.017857142857142856,0.009167947806417942,-626.3134765625,-466.17913818359375,81.04999542236328,133.9946746826172,183.01353454589844,31.430810928344727,43.68851089477539,60.735252380371094,13.070643424987793,21.437088012695312,29.751768112182617,7.005605220794678
Prop_Est,Proporcion,Proporcion/Prop_Est.wav,0.11225,0.056232672184705734,-502.8362731933594,-271.4684143066406,187.86546325683594,90.07408905029297,146.9564208984375,44.943721771240234,18.78359031677246,40.087013244628906,12.244621276855469,-16.39811897277832,18.165943145751953,33.09381103515625,0.11375000000000002,0.19420795142650604,-302.1181640625,-224.63035583496094,32.008522033691406,102.4397201538086,119.4666519165039,12.46227741241455,6.169975280761719,22.602672576904297,13.750478744506836,-32.49750900268555,30.1060733795166,31.522850036621094,0.08875000000000001,0.08270405232906342,-374.56103515625,-213.17784118652344,78.28392028808594,132.2329559326172,149.73931884765625,11.329153060913086,-13.412307739257812,-6.112576484680176,5.994264125823975,-46.08978271484375,-26.555072784423828,16.46461296081543,0.0865,0.10774153470993042,-372.26995849609375,-251.89439392089844,62.69257354736328,120.5934066772461,148.29779052734375,18.951135635375977,-14.130197525024414,3.4103875160217285,7.98126220703125,-59.90839767456055,-24.475173950195312,26.578149795532227,0.07375,0.06649275869131088,-372.868896484375,-237.21701049804688,57.70641326904297,139.95956420898438,163.13458251953125,17.21725082397461,1.1782615184783936,12.478256225585938,8.176405906677246,-37.950157165527344,0.5334886908531189,19.148880004882812,0.169,0.015673277899622917,-459.5936584472656,-415.2069396972656,19.560270309448242,73.34083557128906,107.71833801269531,23.024568557739258,10.500877380371094,25.386423110961914,12.74155330657959,-67.33216094970703,-36.35084915161133,15.654812812805176,0.14825,0.038670919835567474,-417.1549377441406,-368.11492919921875,38.759525299072266,87.03254699707031,144.74134826660156,40.97821044921875,62.108123779296875,97.587890625,30.794801712036133,-45.65311050415039,-28.844146728515625,11.128218650817871,0.060750000000000005,0.06201557442545891,-397.6329650878906,-380.2829895019531,9.501774787902832,174.2567138671875,201.1942138671875,18.194791793823242,32.57273483276367,66.13516235351562,21.581552505493164,-34.187713623046875,-27.1844425201416,4.509946346282959,0.055499999999999994,0.032829489558935165,-453.9319763183594,-403.5440673828125,30.534202575683594,206.9495849609375,221.8330078125,8.577967643737793,25.6597900390625,58.28752136230469,13.038887977600098,-29.607025146484375,-12.709968566894531,11.947099685668945,0.0195,0.020665865391492844,-527.948486328125,-469.0111389160156,42.19121551513672,167.45657348632812,190.50387573242188,28.577713012695312,40.02086639404297,66.53744506835938,17.360294342041016,-12.818036079406738,21.17757797241211,19.405405044555664
Prop_Lou,Proporcion,Proporcion/Prop_Lou.wav,0.03444444444444444,0.04047291725873947,-481.5392761230469,-270.1048278808594,140.0281982421875,130.87808227539062,177.91015625,22.246864318847656,19.234272003173828,44.524627685546875,16.071754455566406,-6.7967634201049805,19.493568420410156,19.089271545410156,0.04666666666666666,0.1170504242181778,-312.3036193847656,-275.47247314453125,23.056121826171875,150.68751525878906,178.99655151367188,26.50151252746582,38.45252990722656,80.6279067993164,24.7010498046875,-33.58427429199219,7.103460311889648,22.851192474365234,0.029444444444444447,0.07372802495956421,-426.32904052734375,-300.4200439453125,62.70549011230469,180.48483276367188,202.94024658203125,19.731388092041016,17.200328826904297,41.05889892578125,21.46314811706543,-12.441913604736328,8.821014404296875,12.162007331848145,0.04861111111111111,0.08484579622745514,-403.5789794921875,-238.9497833251953,64.25837707519531,188.7129669189453,232.79432678222656,40.3243293762207,13.976720809936523,60.052696228027344,26.108121871948242,-31.563961029052734,-0.09743869304656982,22.093324661254883,0.035277777777777776,0.10423556715250015,-357.1241455078125,-225.1001739501953,53.614009857177734,152.93910217285156,225.94210815429688,40.85316467285156,31.60544776916504,66.55319213867188,27.664701461791992,-13.438580513000488,3.7865071296691895,16.791475296020508,0.17916666666666664,0.02914007194340229,-395.99713134765625,-297.9093017578125,36.098411560058594,70.04843139648438,87.593017578125,10.228597640991211,72.40174102783203,107.71916198730469,27.310739517211914,-50.26631546020508,-6.591618061065674,20.27281379699707,0.03944444444444445,0.14832258224487305,-315.9379577636719,-243.04959106445312,31.985374450683594,127.28819274902344,141.7960662841797,14.102080345153809,60.68332290649414,90.37883758544922,24.643390655517578,-29.39571189880371,5.025289535522461,17.95927619934082,0.0325,0.10151644796133041,-357.6221923828125,-263.57550048828125,58.75737762451172,159.7674560546875,178.6787109375,23.066850662231445,41.615745544433594,67.01461791992188,21.636703491210938,-6.571266174316406,29.04097557067871,19.33749008178711,0.024722222222222225,0.04832077771425247,-461.8528747558594,-307.00579833984375,69.22598266601562,131.6003875732422,152.97244262695312,16.763044357299805,48.189422607421875,66.20467376708984,13.784659385681152,14.298112869262695,19.45022201538086,4.139384746551514,0.010555555555555556,0.008258205838501453,-718.0132446289062,-433.7041320800781,204.5912628173828,73.75625610351562,171.14697265625,67.7403793334961,23.179534912109375,72.90087890625,24.32731056213379,8.772708892822266,23.29443359375,8.840802192687988
Prop_Lou2,Proporcion,Proporcion/Prop_Lou2.wav,0.07125000000000001,0.06586401164531708,-520.1363525390625,-362.3693542480469,122.67555236816406,121.17704010009766,182.173583984375,55.541961669921875,19.2168025970459,67.8968276977539,29.701114654541016,-2.270399808883667,18.075237274169922,14.615315437316895,0.051000000000000004,0.1370600461959839,-382.481201171875,-312.3442687988281,29.77347755432129,166.55287170410156,192.68182373046875,25.298330307006836,31.027029037475586,56.615447998046875,21.802196502685547,-18.408784866333008,15.768747329711914,19.19825553894043,0.03725,0.07184001058340073,-548.690185546875,-318.2762451171875,122.82611846923828,155.00552368164062,201.38873291015625,39.97419738769531,-2.0313761234283447,22.435766220092773,16.574506759643555,-12.64155387878418,9.01256275177002,16.67749786376953,0.05775,0.07815088331699371,-502.724609375,-232.84132385253906,158.65333557128906,150.59906005859375,240.07815551757812,67.00585174560547,-15.75721549987793,14.11113166809082,18.656354904174805,-25.66471290588379,-0.3523297607898712,21.82534408569336,0.039,0.07430439442396164,-448.4103088378906,-237.07571411132812,98.22296905517578,126.6603012084961,206.24050903320312,45.12876892089844,35.33719253540039,89.49482727050781,36.54860305786133,-17.495708465576172,9.148828506469727,23.67157745361328,0.42975,0.0084289675578475,-539.7115478515625,-415.47161865234375,53.35170364379883,17.891443252563477,74.38433837890625,25.539196014404297,54.30541229248047,80.01632690429688,13.890213012695312,-75.85636901855469,-13.217321395874023,28.05007553100586,0.28524999999999995,0.05594085529446602,-496.81640625,-316.106689453125,93.07969665527344,52.642913818359375,151.1525421142578,74.46857452392578,60.782936096191406,97.36184692382812,28.10251235961914,-51.138160705566406,-6.929328918457031,21.194822311401367,0.026250000000000002,0.11038248240947723,-392.9443359375,-255.78904724121094,62.057464599609375,148.12985229492188,174.91632080078125,23.982769012451172,35.2591438293457,62.727088928222656,19.48537826538086,-29.26300621032715,4.12499475479126,21.64268684387207,0.02325,0.09703134000301361,-466.8841247558594,-259.0548095703125,93.86386108398438,147.6636199951172,181.14822387695312,27.73212432861328,44.25569534301758,62.14768981933594,16.63991928100586,16.321300506591797,36.85411071777344,10.743950843811035,0.0325,0.011232306249439716,-657.7587280273438,-401.3073425292969,114.73080444335938,131.91796875,163.37969970703125,20.83224105834961,33.769493103027344,52.583648681640625,7.861398696899414,35.44053268432617,46.01111602783203,7.9959564208984375
Prop_Mari,Proporcion,Proporcion/Prop_Mari.wav,0.060250000000000005,0.03187745809555054,-505.81658935546875,-338.9637451171875,113.59618377685547,130.7005615234375,201.17794799804688,36.35759353637695,40.29433822631836,89.10834503173828,21.31646728515625,-35.967655181884766,0.47349026799201965,18.873741149902344,0.052250000000000005,0.1657218635082245,-316.2354431152344,-227.3469696044922,30.96529769897461,158.3597412109375,175.33587646484375,21.916093826293945,23.150787353515625,38.24306869506836,14.302030563354492,-42.978904724121094,5.671523571014404,20.62898063659668,0.047,0.07325892150402069,-418.53363037109375,-235.2168426513672,86.80087280273438,183.03567504882812,215.80043029785156,24.270084381103516,8.798201560974121,28.502397537231445,15.497475624084473,-26.053823471069336,0.09077876806259155,13.92234992980957,0.0665,0.10909334570169449,-370.48211669921875,-216.90542602539062,58.46611022949219,173.76370239257812,225.50387573242188,45.339500427246094,-9.000917434692383,20.99880599975586,18.071216583251953,-61.53745651245117,-7.926655292510986,27.64455795288086,0.053500000000000006,0.08513148128986359,-353.8912658691406,-210.156494140625,62.21294021606445,159.54055786132812,224.28240966796875,35.48094940185547,15.767637252807617,46.8485221862793,23.228477478027344,-51.817481994628906,-13.660894393920898,25.31040382385254,0.33849999999999997,0.02028067782521248,-420.4930725097656,-380.86505126953125,21.86931610107422,73.74189758300781,93.77537536621094,13.622615814208984,50.275550842285156,74.17815399169922,18.924758911132812,-81.10984802246094,-43.532867431640625,17.778364181518555,0.23275,0.04599081352353096,-385.3030700683594,-281.4825134277344,41.42655944824219,89.59872436523438,143.27952575683594,38.31550598144531,49.39728927612305,78.1480712890625,26.250308990478516,-64.78643798828125,-38.05225372314453,15.401623725891113,0.055499999999999994,0.11615369468927383,-326.3062744140625,-264.80078125,27.499187469482422,164.77210998535156,191.57498168945312,25.55377197265625,29.253841400146484,60.8959846496582,18.123159408569336,-51.4483642578125,-18.00861930847168,16.039766311645508,0.03125,0.06084064766764641,-387.6185607910156,-273.1590881347656,48.121307373046875,157.03762817382812,200.44442749023438,31.708251953125,39.46786117553711,66.19183349609375,20.584949493408203,-26.88751792907715,3.5443408489227295,17.00304412841797,0.08149999999999999,0.01241118274629116,-567.0914306640625,-365.36480712890625,258.350341796875,58.324317932128906,113.62117004394531,42.47398376464844,41.00602340698242,91.17705535888672,33.02204132080078,-19.64242172241211,0.0,23.052885055541992
Prop_Mari2,Proporcion,Proporcion/Prop_Mari2.wav,0.04596153846153846,0.1182224452495575,-401.10308837890625,-241.34571838378906,58.71186447143555,151.76983642578125,171.05178833007812,18.927488327026367,36.247432708740234,67.56620025634766,26.01394271850586,-7.772458553314209,25.800830841064453,22.739412307739258,0.052692307692307705,0.11119557172060013,-412.6962890625,-247.68447875976562,74.93757629394531,156.40916442871094,180.3824462890625,26.1962947845459,-10.451294898986816,2.4823529720306396,10.51636028289795,-72.77371215820312,-25.512271881103516,21.073266983032227,0.0476923076923077,0.02368933893740177,-593.9042358398438,-298.3501892089844,113.50862884521484,149.5201873779297,198.65208435058594,21.51022720336914,-28.756437301635742,-12.806461334228516,7.51087760925293,-47.72420883178711,-26.53510284423828,9.61522102355957,0.057307692307692316,0.10975510627031326,-435.0887451171875,-251.5546112060547,83.71471405029297,162.64390563964844,213.84091186523438,33.5462760925293,-7.148501396179199,16.60346221923828,11.28084945678711,-55.55331802368164,6.9256591796875,37.8310546875,0.05634615384615384,0.0905141532421112,-380.14874267578125,-236.02139282226562,72.77637481689453,154.91983032226562,209.25086975097656,31.76935577392578,15.441624641418457,51.0298957824707,17.2554874420166,-34.43733215332031,8.841979026794434,28.125036239624023,0.38557692307692315,0.03137623891234398,-443.4109191894531,-247.6077117919922,70.58609008789062,23.465412139892578,117.08287811279297,51.95758056640625,51.500328063964844,68.99238586425781,17.842975616455078,-50.15587615966797,-3.31467604637146,25.960805892944336,0.2046153846153846,0.10377268493175507,-387.1927490234375,-256.88385009765625,65.75904846191406,50.717002868652344,116.63983917236328,59.26694869995117,104.82591247558594,147.25660705566406,33.427154541015625,-48.944942474365234,-10.723472595214844,18.341978073120117,0.06519230769230769,0.11240215599536896,-330.6423034667969,-261.5047912597656,36.578582763671875,161.81932067871094,200.11807250976562,25.449674606323242,19.474313735961914,70.2684326171875,27.091154098510742,-57.736026763916016,-10.130393028259277,25.047788619995117,0.03769230769230769,0.08279895037412643,-452.4839172363281,-305.2411193847656,66.72872924804688,193.45526123046875,241.6672821044922,36.65047836303711,10.703886032104492,31.721237182617188,17.88313865661621,-7.042114734649658,12.593954086303711,15.879097938537598,0.025961538461538466,0.08063478022813797,-558.2867431640625,-341.2085266113281,89.66209411621094,180.79039001464844,212.17791748046875,27.346874237060547,28.448749542236328,45.064002990722656,8.20678997039795,22.557954788208008,36.02705764770508,7.889375686645508
Prop_Mari3,Proporcion,Proporcion/Prop_Mari3.wav,0.04692307692307692,0.11691812425851822,-404.22137451171875,-319.59771728515625,40.52460861206055,150.41720581054688,170.2840576171875,20.20937156677246,28.189973831176758,74.9322280883789,22.86751937866211,-22.17375946044922,7.2892045974731445,18.697948455810547,0.059807692307692326,0.10028252005577087,-448.6525573730469,-322.2893981933594,47.66143798828125,171.77609252929688,196.64842224121094,11.036642074584961,-19.547931671142578,8.635435104370117,15.773290634155273,-83.02890014648438,-28.32801055908203,25.176822662353516,0.08019230769230769,0.006730420049279928,-671.685302734375,-471.7776184082031,74.10786437988281,191.37277221679688,211.26107788085938,14.373435974121094,-33.55443572998047,-11.394801139831543,13.796355247497559,-69.95901489257812,-27.54056167602539,19.324708938598633,0.05961538461538461,0.10169968008995056,-445.27398681640625,-291.1311950683594,86.21253204345703,157.93331909179688,192.42391967773438,32.78033447265625,0.6094379425048828,32.068050384521484,14.17741870880127,-64.95723724365234,-16.776107788085938,29.472179412841797,0.050576923076923075,0.10792016237974167,-398.1746826171875,-289.9557800292969,41.186283111572266,169.73948669433594,208.56813049316406,17.230731964111328,11.060633659362793,51.064002990722656,16.212783813476562,-41.054786682128906,4.9349870681762695,35.24856948852539,0.29615384615384616,0.03688187524676323,-445.5693359375,-383.4730224609375,25.597558975219727,52.267391204833984,191.29568481445312,68.37754821777344,52.36412811279297,70.86279296875,16.823637008666992,-55.30714797973633,1.5996321439743042,22.106901168823242,0.25153846153846154,0.08095185458660126,-403.05157470703125,-222.2288818359375,77.88895416259766,30.500581741333008,99.67787170410156,53.925514221191406,94.22438049316406,145.751708984375,34.360198974609375,-45.90149688720703,-13.118688583374023,15.529258728027344,0.062115384615384614,0.11848744750022888,-326.8170166015625,-223.3820343017578,34.36860275268555,150.74954223632812,193.98678588867188,32.35501480102539,46.89180374145508,122.05667114257812,42.09918975830078,-48.91596984863281,-12.047552108764648,17.93161392211914,0.04019230769230769,0.0767480656504631,-448.80889892578125,-338.2320861816406,56.01751708984375,198.74185180664062,212.6575469970703,14.043829917907715,24.50177001953125,43.802650451660156,14.525181770324707,-0.034266985952854156,23.323257446289062,20.960376739501953,0.01903846153846154,0.09179028123617172,-538.0127563476562,-405.1791687011719,63.15803909301758,181.7556915283203,203.21536254882812,25.33602523803711,49.90350341796875,57.61503219604492,8.598272323608398,20.306434631347656,28.56574249267578,3.741248607635498
Prop_Pil,Proporcion,Proporcion/Prop_Pil.wav,0.10888888888888888,0.028209306299686432,-558.3397827148438,-277.5455017089844,142.4246063232422,124.91159057617188,198.854736328125,57.66541290283203,20.568832397460938,38.371986389160156,10.796689987182617,-9.510343551635742,24.43917465209961,25.385873794555664,0.04944444444444444,0.09735465049743652,-419.56817626953125,-239.12478637695312,84.33303833007812,169.67723083496094,208.88421630859375,36.783023834228516,-9.97887134552002,6.797037601470947,13.165799140930176,-10.22734546661377,5.447829246520996,8.302111625671387,0.05027777777777778,0.021404286846518517,-534.2012939453125,-358.282470703125,89.75605773925781,158.56629943847656,195.68588256835938,29.58585548400879,19.57004737854004,46.57427978515625,15.364742279052734,-17.20343017578125,7.592551231384277,26.758834838867188,0.05111111111111111,0.10673291981220245,-423.4210205078125,-350.6429138183594,37.48480224609375,195.24267578125,228.0255889892578,33.13731384277344,-30.469289779663086,-5.297409534454346,12.677531242370605,-29.854536056518555,2.6557161808013916,23.25741195678711,0.29388888888888887,0.021032802760601044,-449.77728271484375,-383.59735107421875,37.3095703125,86.43819427490234,164.41268920898438,50.0489501953125,56.86600875854492,88.39787292480469,24.84409523010254,-72.80917358398438,-6.4821319580078125,29.933847427368164,0.5116666666666666,0.014914250932633877,-499.2361755371094,-390.19683837890625,49.04665756225586,28.150293350219727,72.97300720214844,17.89545249938965,46.1982307434082,76.43061828613281,15.332934379577637,-70.86795806884766,-20.32396697998047,21.589567184448242,0.05416666666666667,0.17031574249267578,-331.380859375,-249.37559509277344,40.90956115722656,121.57801818847656,150.736083984375,16.065366744995117,35.300018310546875,65.48931884765625,22.616796493530273,-41.6434440612793,-2.9042787551879883,20.081756591796875,0.04944444444444444,0.13892574608325958,-341.64410400390625,-242.08920288085938,51.93186950683594,165.97781372070312,184.23309326171875,8.44726848602295,-5.818430423736572,11.804771423339844,8.56478500366211,-22.66470718383789,-4.432987213134766,9.614503860473633,0.042777777777777776,0.0628078281879425,-480.46624755859375,-383.41107177734375,57.155494689941406,173.92213439941406,194.9288330078125,19.921451568603516,5.513938903808594,24.15190887451172,10.484875679016113,-13.012011528015137,11.615415573120117,12.708949089050293,0.020277777777777777,0.011335181072354317,-708.7897338867188,-505.16400146484375,152.04034423828125,105.00407409667969,177.96029663085938,75.58695220947266,14.94208812713623,33.8432731628418,12.690778732299805,-7.806829452514648,0.0,10.360063552856445
Prop_Pil2,Proporcion,Proporcion/Prop_Pil2.wav,0.07166666666666667,0.023155229166150093,-595.062744140625,-420.7046203613281,158.32554626464844,129.85067749023438,203.10658264160156,67.4263916015625,17.312313079833984,32.63285827636719,7.416294574737549,-17.65815544128418,25.848941802978516,29.802120208740234,0.05333333333333333,0.10515188425779343,-382.3898010253906,-350.7306213378906,38.67064666748047,183.81814575195312,223.37139892578125,19.405818939208984,14.389655113220215,55.24742889404297,23.556991577148438,-31.49506378173828,4.2169952392578125,17.53066635131836,0.056944444444444436,0.026607804000377655,-488.04388427734375,-371.4521179199219,70.75725555419922,182.46885681152344,212.83316040039062,27.2319278717041,26.352458953857422,65.24771118164062,22.39847755432129,-32.72578430175781,8.769145965576172,35.728843688964844,0.07500000000000001,0.10394617915153503,-401.9735107421875,-355.7999572753906,37.91083908081055,186.3199920654297,215.11856079101562,24.805984497070312,-32.39720153808594,13.654701232910156,17.67843246459961,-22.89955711364746,16.44422149658203,28.402177810668945,0.13805555555555557,0.02983865886926651,-459.3863830566406,-371.33160400390625,60.642303466796875,116.27804565429688,171.47756958007812,30.325759887695312,17.70831298828125,31.34355354309082,12.144258499145508,-51.05466079711914,-22.372325897216797,14.655232429504395,0.2230555555555556,0.019634826108813286,-506.0071105957031,-332.68682861328125,69.78785705566406,81.12258911132812,125.13914489746094,27.252119064331055,44.12164306640625,97.11029052734375,25.802783966064453,-51.91720962524414,-23.833209991455078,16.216106414794922,0.07444444444444444,0.18256348371505737,-291.7315368652344,-247.5203399658203,24.825122833251953,115.09038543701172,139.78668212890625,22.058595657348633,31.77454376220703,78.32261657714844,34.85373306274414,-57.02988052368164,-20.620925903320312,22.848745346069336,0.06055555555555556,0.13465923070907593,-330.59674072265625,-226.2119903564453,48.77861785888672,169.1808319091797,187.47605895996094,20.469276428222656,-6.603157043457031,9.350937843322754,12.386360168457031,-34.805423736572266,4.328751564025879,22.636323928833008,0.03805555555555556,0.07468362897634506,-471.2322692871094,-321.4068298339844,69.89630889892578,171.19935607910156,194.35887145996094,19.86701202392578,-6.611950874328613,17.821964263916016,12.562199592590332,-15.59512710571289,-2.2714474201202393,8.545312881469727,0.037500000000000006,0.01609998196363449,-611.528564453125,-446.2479553222656,68.83683776855469,149.05209350585938,180.975341796875,31.49295425415039,18.593482971191406,28.955703735351562,6.331350803375244,-6.119551658630371,10.301856994628906,9.622793197631836
Prop_Rob,Proporcion,Proporcion/Prop_Rob.wav,0.08350000000000002,0.046350978314876556,-547.9322509765625,-284.2038269042969,212.27719116210938,108.2315902709961,194.95416259765625,77.85328674316406,25.727420806884766,69.38580322265625,19.536157608032227,-12.119409561157227,18.49083137512207,21.399295806884766,0.04425,0.15998901426792145,-296.92535400390625,-202.45497131347656,38.908329010009766,185.8775634765625,213.35906982421875,22.564369201660156,22.093210220336914,40.38166046142578,14.630256652832031,-14.232032775878906,2.8002514839172363,9.1532621383667,0.052500000000000005,0.1358664333820343,-335.88702392578125,-210.4346923828125,68.41043853759766,177.1476287841797,205.92181396484375,22.959062576293945,7.632625579833984,21.677949905395508,7.911313056945801,-50.589500427246094,-8.25333309173584,32.410648345947266,0.05349999999999999,0.052089326083660126,-385.20745849609375,-201.52645874023438,79.28961181640625,154.80831909179688,206.69766235351562,32.92139434814453,21.910470962524414,54.572853088378906,21.349407196044922,-40.36886978149414,-1.7948694229125977,22.790544509887695,0.05,0.12499143928289413,-296.82586669921875,-198.54891967773438,49.44928741455078,166.64691162109375,205.318115234375,34.241485595703125,19.2981014251709,39.35565948486328,15.501760482788086,-42.09355926513672,-4.727807998657227,27.374374389648438,0.1535,0.0662667378783226,-321.52716064453125,-232.804931640625,41.450687408447266,114.54069519042969,202.69345092773438,46.49079513549805,57.22004318237305,93.54905700683594,28.231616973876953,-42.99275588989258,-0.6474769115447998,22.494857788085938,0.25725000000000003,0.037569548934698105,-367.27655029296875,-322.4588928222656,17.93612289428711,76.00740814208984,125.59867858886719,32.8242301940918,79.53407287597656,103.141357421875,20.962886810302734,-48.506187438964844,17.41337776184082,32.34600067138672,0.05924999999999999,0.06616769731044769,-362.54656982421875,-310.2339172363281,22.078554153442383,152.67147827148438,175.1990509033203,16.947484970092773,74.03662872314453,110.94586944580078,30.8756160736084,-18.138568878173828,2.7836384773254395,10.321321487426758,0.0345,0.024444978684186935,-446.7491760253906,-398.3960266113281,28.772022247314453,179.47979736328125,206.75955200195312,29.923583984375,31.879825592041016,52.770164489746094,15.924811363220215,-35.1911506652832,2.578343152999878,20.36060333251953,0.04025,0.012617640197277069,-534.1592407226562,-431.6103820800781,54.13573455810547,166.69338989257812,206.36358642578125,35.89208221435547,35.912506103515625,55.44822692871094,13.950429916381836,-33.986297607421875,7.383379936218262,26.699886322021484
Prop_Tom,Proporcion,Proporcion/Prop_Tom.wav,0.044500000000000005,0.1313122808933258,-370.0872497558594,-175.27757263183594,130.52255249023438,157.19760131835938,218.65899658203125,34.85651779174805,29.59746742248535,44.32469177246094,7.865591049194336,-10.819452285766602,12.483973503112793,12.874458312988281,0.04925,0.2581249177455902,-242.9803924560547,-192.18313598632812,19.834856033325195,191.99960327148438,222.5775604248047,30.971473693847656,33.36556625366211,56.69596862792969,15.157386779785156,-10.257280349731445,23.897438049316406,19.03664207458496,0.027000000000000003,0.05785677582025528,-480.0140075683594,-246.39524841308594,104.91825866699219,156.90219116210938,226.24481201171875,34.04581069946289,48.61631393432617,82.23323822021484,26.298845291137695,1.3119044303894043,23.776742935180664,11.284285545349121,0.053000000000000005,0.16793717443943024,-315.9505920410156,-178.7950439453125,83.7433853149414,197.61492919921875,235.03590393066406,40.54352569580078,11.286344528198242,49.11318588256836,15.065463066101074,-31.544254302978516,6.510717391967773,23.684873580932617,0.07600000000000001,0.07994373887777328,-315.0523681640625,-211.61663818359375,43.24497985839844,142.43203735351562,208.7283935546875,62.26801681518555,53.022789001464844,90.17935943603516,24.743186950683594,-24.308570861816406,9.96829605102539,17.511938095092773,0.39725,0.06797841191291809,-343.6611633300781,-306.72442626953125,22.237497329711914,46.517295837402344,70.33535766601562,26.02306365966797,95.27943420410156,113.06340026855469,21.420618057250977,-69.09249114990234,-35.29003143310547,15.387371063232422,0.16649999999999998,0.11631996929645538,-318.0899658203125,-217.06585693359375,52.089290618896484,108.17559814453125,163.13162231445312,51.15725326538086,101.7242202758789,132.97653198242188,26.93157386779785,-34.84153747558594,5.582085609436035,24.020761489868164,0.037000000000000005,0.16573405265808105,-281.99359130859375,-208.21023559570312,46.06484603881836,168.94287109375,195.34622192382812,19.36680030822754,41.0340690612793,58.2033805847168,10.354630470275879,-19.016773223876953,20.53105926513672,20.444019317626953,0.025500000000000002,0.11571361124515533,-414.9153747558594,-308.7148132324219,38.89408874511719,172.2799530029297,188.99856567382812,27.82427406311035,48.548194885253906,57.02886199951172,10.888094902038574,13.962185859680176,27.181121826171875,7.153152942657471,0.02325,0.026047224178910255,-488.6839904785156,-304.95428466796875,74.14878845214844,137.291259765625,173.11123657226562,20.128259658813477,71.24993133544922,94.41680145263672,23.315555572509766,-1.267134189605713,17.475322723388672,9.969879150390625
Prop_Tom2,Proporcion,Proporcion/Prop_Tom2.wav,0.045227272727272734,0.043102893978357315,-481.7030334472656,-271.2458801269531,155.12327575683594,142.22962951660156,232.06057739257812,52.88542175292969,41.068302154541016,68.17962646484375,14.987812995910645,-2.678972005844116,19.084590911865234,14.38138484954834,0.04704545454545454,0.18128204345703125,-267.63629150390625,-240.6111602783203,22.930089950561523,196.90773010253906,230.1659698486328,36.11150360107422,33.11455154418945,50.87980651855469,13.732831954956055,-22.934417724609375,15.287033081054688,22.753067016601562,0.030227272727272728,0.028461797162890434,-487.1412048339844,-321.8827819824219,91.8336181640625,184.16769409179688,222.06944274902344,35.165714263916016,27.34587860107422,63.38914489746094,18.128612518310547,-13.182149887084961,6.360955238342285,22.37517738342285,0.055454545454545465,0.12566344439983368,-329.84423828125,-263.5457763671875,55.40814971923828,219.18585205078125,262.37762451171875,35.45811462402344,14.387899398803711,36.63542556762695,12.593208312988281,-21.947023391723633,19.29812240600586,31.24695587158203,0.21681818181818183,0.05580315738916397,-350.166015625,-323.026611328125,17.035133361816406,116.55500793457031,210.51473999023438,69.33902740478516,75.25348663330078,103.10881042480469,19.24677848815918,-51.558109283447266,2.5353899002075195,26.275774002075195,0.24227272727272722,0.06491904705762863,-353.31695556640625,-249.29861450195312,41.483642578125,71.80825805664062,140.85958862304688,56.24293518066406,98.0592041015625,128.93701171875,26.90397834777832,-52.356651306152344,-1.5025267601013184,28.07879066467285,0.051818181818181826,0.13398292660713196,-274.0497131347656,-245.6065216064453,18.8051700592041,165.51788330078125,200.40875244140625,30.908248901367188,45.575992584228516,84.024169921875,22.268878936767578,-23.87158203125,8.46296501159668,17.663551330566406,0.023181818181818182,0.0879330262541771,-425.67138671875,-332.1589660644531,46.058956146240234,175.66932678222656,206.92413330078125,33.59872817993164,30.12959098815918,43.29997253417969,6.383315086364746,13.944159507751465,23.798442840576172,5.00012731552124,0.028181818181818186,0.02617696113884449,-514.1294555664062,-342.1217346191406,71.21685791015625,144.69973754882812,172.58059692382812,21.010713577270508,47.691165924072266,64.4271469116211,11.165081977844238,12.327744483947754,23.656124114990234,8.670238494873047,0.06954545454545454,0.011725234799087048,-568.3406982421875,-447.5821533203125,52.65879440307617,109.73583984375,151.56607055664062,23.956579208374023,79.3364486694336,105.90716552734375,22.312416076660156,-3.3262693881988525,24.477378845214844,14.592204093933105
Prop_Tom3,Proporcion,Proporcion/Prop_Tom3.wav,0.03125,0.048790086060762405,-501.7247009277344,-286.9800109863281,135.11126708984375,159.89852905273438,261.78961181640625,58.79693603515625,40.80498504638672,82.28126525878906,28.274518966674805,7.065544128417969,36.04087448120117,17.59027099609375,0.04675,0.13026981055736542,-396.57318115234375,-272.915283203125,74.44259643554688,244.28231811523438,283.0695495605469,46.834434509277344,-5.229461193084717,13.735485076904297,8.388043403625488,-7.214738368988037,12.746855735778809,12.62928581237793,0.06475,0.008277486078441143,-587.2159423828125,-475.7566223144531,79.25382232666016,157.20843505859375,221.6678924560547,35.72202682495117,35.083805084228516,61.457054138183594,13.832369804382324,-24.518281936645508,6.044629096984863,23.22649574279785,0.03725,0.05354554206132889,-479.255126953125,-428.5151672363281,52.36203384399414,235.3854217529297,264.17999267578125,42.334434509277344,-1.4053875207901,6.746976375579834,7.4573540687561035,-34.486515045166016,-6.572826385498047,17.39690399169922,0.153,0.005827420856803656,-552.970947265625,-449.1314697265625,69.06958770751953,129.35916137695312,156.8368682861328,30.886146545410156,44.043548583984375,78.19679260253906,26.880523681640625,-27.309539794921875,10.290821075439453,39.72555160522461,0.39575,0.042090609669685364,-421.82672119140625,-386.2123107910156,16.446481704711914,6.688004970550537,46.536895751953125,26.545394897460938,85.29987335205078,107.9413833618164,15.494807243347168,-91.47480010986328,-56.607643127441406,18.512521743774414,0.199,0.11091818660497665,-386.5151672363281,-266.71160888671875,57.202003479003906,68.48970031738281,166.98338317871094,90.86033630371094,100.82764434814453,130.46136474609375,20.44605255126953,-35.75445556640625,4.245616912841797,24.751001358032227,0.055999999999999994,0.18703654408454895,-297.76904296875,-254.14210510253906,51.57039260864258,199.55093383789062,234.0104217529297,21.66030502319336,27.376617431640625,64.14036560058594,29.45928955078125,-14.204365730285645,10.548067092895508,10.910746574401855,0.028750000000000005,0.022090375423431396,-526.366455078125,-452.7647399902344,67.06476593017578,177.00543212890625,200.00820922851562,15.916155815124512,38.85893249511719,60.175846099853516,18.316957473754883,0.6951435804367065,15.048192024230957,8.223078727722168,0.01975,0.02517300471663475,-626.5877685546875,-579.2183227539062,39.2164306640625,160.56935119628906,192.97183227539062,19.681997299194336,50.16754150390625,56.35466766357422,4.473614692687988,27.194011688232422,40.66376876831055,6.731356143951416
Prop_Tom4,Proporcion,Proporcion/Prop_Tom4.wav,0.09791666666666667,0.136854350566864,-418.6558532714844,-225.453125,80.5177230834961,134.40431213378906,200.78343200683594,44.29539108276367,21.878387451171875,49.360260009765625,25.54249382019043,0.022776762023568153,48.701629638671875,22.928861618041992,0.061875000000000006,0.0683293268084526,-542.0007934570312,-178.8182373046875,162.89251708984375,118.23928833007812,200.3896026611328,47.937278747558594,-6.308726787567139,14.120580673217773,12.542983055114746,-17.34149169921875,-0.8860611319541931,10.207698822021484,0.06583333333333334,0.06113209202885628,-550.2297973632812,-246.80235290527344,139.5470428466797,102.8648452758789,244.14923095703125,75.06922149658203,-2.7611935138702393,23.836091995239258,24.44709587097168,-24.0345401763916,7.493398189544678,30.660247802734375,0.21708333333333332,0.06688560545444489,-444.4650573730469,-199.76405334472656,97.96337127685547,86.06045532226562,212.83285522460938,84.24269104003906,9.122827529907227,76.69973754882812,52.339263916015625,-42.5243034362793,-0.861426830291748,28.831985473632812,0.3927083333333334,0.030535155907273293,-499.856201171875,-442.5506591796875,21.96916961669922,-37.06292724609375,-14.57364273071289,15.460555076599121,110.3379135131836,137.3390350341797,22.234691619873047,-93.17671966552734,-56.89717102050781,13.29869270324707,0.22729166666666667,0.04661595821380615,-454.1170959472656,-372.4317932128906,43.89602279663086,59.763431549072266,190.89999389648438,93.98749542236328,119.09595489501953,144.73208618164062,20.42430877685547,-45.555877685546875,6.526976585388184,33.03427505493164,0.035208333333333335,0.0658450797200203,-419.8602600097656,-369.1817932128906,29.38237190246582,226.8644256591797,252.68182373046875,23.896892547607422,-2.8367843627929688,28.84673500061035,20.410493850708008,-32.73820114135742,0.2289845198392868,15.319648742675781,0.035208333333333335,0.08047428727149963,-399.5384826660156,-355.5476989746094,25.005577087402344,227.17852783203125,254.4072265625,30.449871063232422,-12.412075996398926,16.653318405151367,15.784924507141113,-42.72333908081055,-4.740756511688232,16.77217674255371,0.024583333333333336,0.07354352623224258,-484.4757080078125,-421.10662841796875,28.621501922607422,205.2975616455078,219.99179077148438,17.011629104614258,16.051780700683594,28.851837158203125,6.577280521392822,1.64225435256958,19.965335845947266,8.563223838806152,0.018958333333333337,0.03164521977305412,-608.4081420898438,-448.8538818359375,71.253662109375,164.3623504638672,198.20680236816406,21.11121368408203,44.315433502197266,59.46678924560547,8.92184066772461,25.092912673950195,41.386695861816406,8.183234214782715
Sal_An,Salir,Salir/Sal_An.wav,0.0245,4.989083390682936e-05,-1049.3629150390625,-948.0490112304688,55.308189392089844,63.61156463623047,117.7608642578125,30.255338668823242,25.354389190673828,37.91291809082031,6.284911632537842,12.62403678894043,17.490646362304688,2.801173448562622,0.07300000000000001,0.10699484497308731,-338.0935363769531,-282.1322326660156,54.78757095336914,196.0537567138672,209.5006103515625,11.67859172821045,-2.976358413696289,4.082640647888184,5.310717582702637,-25.605281829833984,-4.637755393981934,14.516203880310059,0.0645,0.1175863966345787,-319.52313232421875,-272.5978698730469,27.268423080444336,165.41995239257812,174.07211303710938,5.282081127166748,3.2029929161071777,21.629735946655273,12.444841384887695,-42.33311080932617,-15.023893356323242,24.94526481628418,0.041,0.14420977234840393,-378.02838134765625,-312.56536865234375,58.5017204284668,134.47975158691406,141.51223754882812,6.989996433258057,44.073936462402344,70.36207580566406,18.060077667236328,-19.37479591369629,3.595092296600342,17.415491104125977,0.043000000000000003,0.14279110729694366,-372.5060119628906,-259.4137878417969,67.59967041015625,122.83924865722656,132.86192321777344,7.598069190979004,55.449562072753906,85.10719299316406,27.46637535095215,-23.112489700317383,0.16696268320083618,18.345422744750977,0.0355,0.06754989922046661,-437.5613708496094,-353.89447021484375,51.255889892578125,126.4672622680664,158.2735595703125,20.30290985107422,81.7764663696289,102.08074951171875,25.538963317871094,-43.60319900512695,-10.532536506652832,19.929691314697266,0.032,0.09122828394174576,-448.37042236328125,-397.1559753417969,33.118709564208984,150.69094848632812,172.40237426757812,12.831011772155762,83.01734924316406,100.09025573730469,9.34122085571289,-24.985591888427734,2.5577030181884766,16.327550888061523,0.023,0.019357431679964066,-530.2086181640625,-481.4940490722656,30.566776275634766,140.8644561767578,167.163330078125,19.635278701782227,69.86872863769531,93.50953674316406,21.488344192504883,3.99257230758667,21.673320770263672,10.237632751464844,0.014000000000000002,0.02484723925590515,-567.2432861328125,-458.8275451660156,66.58518981933594,134.45574951171875,145.21739196777344,9.26102352142334,71.3153305053711,102.22529602050781,22.310951232910156,28.742431640625,41.56684494018555,8.786255836486816,0.0415,0.0014650326920673251,-723.6731567382812,-636.32421875,58.14113998413086,115.59476470947266,136.22265625,11.813095092773438,39.763816833496094,64.87210845947266,18.7811336517334,24.92241859436035,42.423011779785156,9.57396411895752
Sal_An2,Salir,Salir/Sal_An2.wav,0.09416666666666668,0.005620479118078947,-543.7769775390625,-422.97613525390625,67.70887756347656,99.4067153930664,113.80066680908203,11.54028034210205,41.464176177978516,71.84831237792969,24.335180282592773,0.8922211527824402,19.88014793395996,13.253146171569824,0.03,0.10063674300909042,-373.0766906738281,-271.1123962402344,52.25935745239258,191.481689453125,238.70443725585938,38.21710205078125,22.52509307861328,47.53065490722656,21.24941635131836,0.9471144080162048,7.184062957763672,7.099756240844727,0.07583333333333334,0.1297605186700821,-298.4707946777344,-255.6320037841797,29.591703414916992,183.11524963378906,197.63314819335938,13.1002836227417,-10.974624633789062,-5.481438159942627,6.93002462387085,-19.415597915649414,1.50785231590271,15.259868621826172,0.04833333333333334,0.10776100307703018,-336.7638244628906,-252.4132080078125,55.34231948852539,153.81666564941406,170.89251708984375,14.789271354675293,17.066675186157227,69.70779418945312,29.844514846801758,-26.572324752807617,5.23820686340332,20.037914276123047,0.04,0.12761211395263672,-379.31005859375,-280.920654296875,72.97969818115234,132.9133758544922,141.04165649414062,7.054980754852295,55.09492111206055,89.73184204101562,27.160179138183594,-17.87162208557129,1.1355587244033813,18.824756622314453,0.04041666666666667,0.09702388197183609,-416.8876647949219,-267.73858642578125,84.35890197753906,127.188720703125,147.95571899414062,9.85409164428711,58.51812744140625,92.3780517578125,28.35946273803711,-18.723852157592773,-0.25160035490989685,15.095394134521484,0.0425,0.0753922089934349,-458.5240783691406,-377.90899658203125,57.000755310058594,129.04905700683594,147.78851318359375,12.579658508300781,77.22022247314453,105.66110229492188,25.619421005249023,-34.567623138427734,-6.873207092285156,17.529869079589844,0.0425,0.08705258369445801,-441.5003356933594,-365.56085205078125,43.86699676513672,140.61146545410156,157.47068786621094,10.638033866882324,63.925106048583984,90.36383056640625,20.388410568237305,-10.325787544250488,14.737455368041992,16.872529983520508,0.02625,0.025297218933701515,-560.2861938476562,-445.00341796875,64.12197875976562,150.1573944091797,160.22607421875,11.635942459106445,59.68965148925781,75.84146118164062,18.781227111816406,4.360813140869141,12.477056503295898,4.677945137023926,0.03208333333333333,0.003921177703887224,-690.0604858398438,-649.6989135742188,37.88191604614258,133.2655487060547,150.55320739746094,12.83987808227539,81.08009338378906,120.28402709960938,36.71113204956055,3.395144462585449,22.093658447265625,10.563619613647461
Sal_Chi,Salir,Salir/Sal_Chi.wav,0.1464285714285714,0.011389265768229961,-576.0870971679688,-281.13507080078125,158.5704345703125,79.56727600097656,116.94075012207031,27.785795211791992,27.499374389648438,57.66561508178711,15.68781566619873,-26.508317947387695,-2.2217910289764404,18.10257911682129,0.06678571428571428,0.1278231292963028,-350.010986328125,-226.4147491455078,76.96894836425781,124.30355072021484,141.86410522460938,15.705998420715332,-2.5409858226776123,12.654687881469727,15.292555809020996,-41.5870361328125,-14.421610832214355,20.956764221191406,0.0825,0.1507493555545807,-323.3454895019531,-224.3990478515625,53.66928482055664,126.97486114501953,142.46249389648438,14.658770561218262,-9.639382362365723,5.252322673797607,12.339439392089844,-49.87211990356445,-27.74686050415039,14.593489646911621,0.03642857142857143,0.09464820474386215,-394.2602233886719,-292.012451171875,71.34186553955078,138.6854705810547,158.38856506347656,12.950357437133789,21.863386154174805,44.97934341430664,22.751354217529297,-32.438499450683594,8.228681564331055,22.590286254882812,0.02464285714285714,0.08103066682815552,-424.6603698730469,-315.9893493652344,73.16372680664062,140.80458068847656,165.3508758544922,21.826828002929688,46.39738845825195,73.33784484863281,19.009592056274414,-21.548025131225586,5.974032402038574,21.697463989257812,0.03785714285714286,0.0753731057047844,-429.31304931640625,-323.37353515625,76.01342010498047,135.45950317382812,159.5928497314453,17.415830612182617,68.25077819824219,102.81343841552734,28.184436798095703,-28.496152877807617,-2.5688819885253906,22.32740592956543,0.04428571428571428,0.11048022657632828,-413.99755859375,-314.5842590332031,70.25394439697266,133.77113342285156,145.70654296875,10.087827682495117,74.66922760009766,110.6944580078125,33.271121978759766,-24.770160675048828,0.553397536277771,16.09734344482422,0.03892857142857143,0.06736644357442856,-430.63909912109375,-311.1240539550781,59.271183013916016,150.1980438232422,178.43211364746094,19.972942352294922,39.470054626464844,66.05516052246094,14.783183097839355,-19.63394546508789,-4.019396781921387,8.625919342041016,0.025714285714285714,0.022574109956622124,-511.92095947265625,-406.93890380859375,52.88994598388672,155.28713989257812,185.00616455078125,23.940258026123047,39.120811462402344,49.69660186767578,5.633437156677246,-26.033466339111328,9.8989839553833,20.626832962036133,0.039642857142857146,0.003045159624889493,-718.0966186523438,-531.522216796875,114.32937622070312,125.67034912109375,138.78367614746094,9.875051498413086,43.5275993347168,71.64559936523438,18.23335075378418,-11.583281517028809,9.283193588256836,13.895429611206055
Sal_Chio,Salir,Salir/Sal_Chio.wav,0.18812500000000001,0.02430443838238716,-438.36492919921875,-361.220458984375,51.37328338623047,99.79203796386719,195.07777404785156,57.89012145996094,8.36474323272705,28.3546142578125,13.05930233001709,-68.47232055664062,-36.491050720214844,15.152898788452148,0.0878125,0.11948735266923904,-329.169677734375,-275.03057861328125,25.323970794677734,172.81301879882812,187.09219360351562,9.745644569396973,-24.514240264892578,-13.471611022949219,7.0250043869018555,-45.13186264038086,-15.121316909790039,15.106697082519531,0.07906250000000001,0.11945979297161102,-332.20782470703125,-275.23828125,27.58132553100586,171.62786865234375,187.76980590820312,11.709038734436035,-15.354888916015625,5.047575950622559,14.461638450622559,-39.03387451171875,-18.671403884887695,13.655647277832031,0.044687500000000005,0.06410303711891174,-376.744384765625,-331.38519287109375,28.492897033691406,177.72105407714844,188.47268676757812,10.064922332763672,32.39569091796875,50.681488037109375,14.743877410888672,-29.535247802734375,-2.2007393836975098,14.579694747924805,0.049375,0.10829870402812958,-338.93011474609375,-296.7403564453125,16.500633239746094,161.90646362304688,176.84275817871094,12.305879592895508,75.33758544921875,93.01786041259766,19.302114486694336,-27.84794807434082,13.864715576171875,18.6709041595459,0.055,0.12972867488861084,-311.317138671875,-258.46832275390625,23.07794952392578,149.37005615234375,157.6724090576172,8.167623519897461,84.26309204101562,99.43887329101562,16.84606170654297,-35.03120803833008,-16.111236572265625,12.552474975585938,0.0528125,0.11056335270404816,-343.24884033203125,-260.7474670410156,42.68278121948242,152.51068115234375,172.51229858398438,10.897875785827637,61.414608001708984,77.42914581298828,10.82668399810791,-24.603715896606445,-9.362358093261719,9.624253273010254,0.060937500000000006,0.06728026270866394,-369.7650146484375,-341.6519470214844,12.504605293273926,188.8689422607422,211.98744201660156,23.2178897857666,34.24881362915039,56.58409118652344,13.761295318603516,-17.671701431274414,19.01247787475586,17.40947914123535,0.063125,0.04199755936861038,-399.2098083496094,-335.1919250488281,36.00553894042969,196.44796752929688,216.5847930908203,22.045387268066406,11.273483276367188,30.73120880126953,9.18303108215332,-17.033222198486328,7.424434661865234,15.500726699829102,0.0225,0.008299194276332855,-651.805419921875,-460.747314453125,200.16970825195312,123.79554748535156,200.15447998046875,74.7485122680664,15.478857040405273,43.903255462646484,16.963336944580078,-4.770602226257324,9.676859855651855,12.43527603149414
Sal_Chio2,Salir,Salir/Sal_Chio2.wav,0.17625000000000002,0.02266458049416542,-428.98797607421875,-289.828857421875,69.53553009033203,82.84962463378906,187.6154022216797,68.34290313720703,-3.4635331630706787,32.19247817993164,15.841867446899414,-57.12281799316406,-14.816513061523438,21.47980308532715,0.079375,0.10125970840454102,-319.057373046875,-249.0027618408203,32.18546676635742,167.90939331054688,186.90872192382812,23.97674560546875,-4.464504718780518,19.557106018066406,19.097196578979492,-34.995445251464844,-3.9742085933685303,19.781761169433594,0.07875,0.0678008645772934,-339.3353271484375,-249.8527069091797,41.20722579956055,158.26583862304688,185.29434204101562,26.12509536743164,17.8995361328125,47.26294708251953,28.816896438598633,-28.467815399169922,3.8236653804779053,18.68999671936035,0.055625,0.06268531084060669,-347.9427490234375,-267.4573669433594,35.10828399658203,151.49069213867188,173.0651397705078,18.83634376525879,51.93599319458008,77.50020599365234,19.962696075439453,-21.340885162353516,5.777731418609619,16.10788917541504,0.02125,0.10935524106025696,-337.197998046875,-279.1575012207031,35.24601364135742,151.36355590820312,171.65122985839844,20.068021774291992,67.83827209472656,92.0456771850586,22.1346435546875,-13.49681282043457,7.308508396148682,14.266353607177734,0.0509375,0.14142128825187683,-345.1392822265625,-276.3895263671875,42.32151794433594,151.9991912841797,165.60098266601562,12.247572898864746,63.70672607421875,87.0926513671875,22.71693992614746,-21.130157470703125,4.962928295135498,16.897249221801758,0.048125,0.12439730763435364,-376.04736328125,-259.8038330078125,52.30116653442383,158.93768310546875,178.3022918701172,15.090231895446777,47.00183868408203,58.121856689453125,9.832405090332031,-5.3302717208862305,12.47812271118164,8.744720458984375,0.0440625,0.04874001070857048,-397.3231201171875,-294.4667053222656,47.18328094482422,169.1042022705078,210.0650634765625,31.54595375061035,41.557701110839844,80.94453430175781,26.653364181518555,-12.775842666625977,9.104828834533691,13.510257720947266,0.033125,0.04103701189160347,-400.12548828125,-301.99749755859375,45.079689025878906,185.24270629882812,233.75765991210938,49.16093444824219,17.23281478881836,32.040897369384766,12.312466621398926,-5.623787879943848,9.61618423461914,10.150517463684082,0.0,0.0,0.0,0.0,0.0,0.0,0.0,0.0,0.0,0.0,0.0,0.0,0.0,0.0
Sal_Cla,Salir,Salir/Sal_Cla.wav,0.10800000000000001,0.009115349501371384,-581.4959716796875,-491.9938659667969,112.8842544555664,95.20574188232422,120.66641235351562,22.323514938354492,54.244911193847656,90.8568115234375,30.617862701416016,-15.959114074707031,6.792774200439453,12.821499824523926,0.19375,0.003889742773026228,-528.1468505859375,-484.9491271972656,34.03684997558594,85.3687973022461,107.81810760498047,16.19007682800293,65.84691619873047,88.43186950683594,17.216354370117188,-38.644309997558594,-13.044532775878906,12.864052772521973,0.13649999999999998,0.08158598095178604,-411.35247802734375,-241.83538818359375,109.60160827636719,133.7701416015625,207.43800354003906,68.42485809326172,41.689144134521484,80.20889282226562,25.80727195739746,-18.830780029296875,-4.797341346740723,9.702713012695312,0.13699999999999998,0.09541673958301544,-332.8602600097656,-255.9610595703125,43.82255935668945,122.43495178222656,145.43008422851562,10.081531524658203,16.098188400268555,28.353574752807617,12.436345100402832,-48.928627014160156,-13.636238098144531,19.902236938476562,0.0995,0.07458043098449707,-354.7320861816406,-278.5218505859375,34.74853515625,133.77615356445312,144.91534423828125,7.7721405029296875,29.81784439086914,41.30296325683594,7.936896800994873,-58.7708854675293,-10.708115577697754,23.53079605102539,0.03825,0.11034615337848663,-400.7532043457031,-260.2491760253906,62.919921875,119.97847747802734,153.1222381591797,18.83417510986328,46.51554489135742,72.18728637695312,17.46367073059082,-48.781532287597656,-6.375176429748535,20.496461868286133,0.03325000000000001,0.13857460021972656,-377.0484313964844,-257.3778991699219,66.83910369873047,107.3388442993164,121.90974426269531,7.610649585723877,62.97997283935547,89.53254699707031,25.003650665283203,-61.71360397338867,-4.947126388549805,32.65738296508789,0.04625,0.1526399552822113,-380.67578125,-236.75985717773438,74.85113525390625,110.03878021240234,116.73924255371094,5.193273067474365,64.18981170654297,95.23770141601562,29.635541915893555,-58.95625686645508,-14.57180118560791,28.262081146240234,0.10400000000000001,0.059474021196365356,-423.2275390625,-239.04769897460938,71.63449096679688,107.9698486328125,132.98886108398438,15.230770111083984,83.45903778076172,112.72019958496094,37.083492279052734,-8.540340423583984,12.473913192749023,12.152864456176758,0.16475,0.013157092034816742,-514.9471435546875,-453.78741455078125,48.95566940307617,98.87772369384766,110.99333190917969,9.9307222366333,85.2623519897461,112.28373718261719,21.444673538208008,-26.038320541381836,-7.421217441558838,10.188238143920898
Sal_Cla2,Salir,Salir/Sal_Cla2.wav,0.22718750000000001,0.027922462671995163,-550.0685424804688,-299.96173095703125,150.34539794921875,70.83026885986328,217.10910034179688,98.39159393310547,36.662940979003906,59.205772399902344,15.61057186126709,-18.927085876464844,-7.819147109985352,8.146832466125488,0.1109375,0.10081391036510468,-325.1824951171875,-276.7596740722656,26.99315643310547,147.58786010742188,180.43310546875,18.32669448852539,21.77764129638672,41.05327224731445,14.023558616638184,-40.290584564208984,-13.93698501586914,18.404142379760742,0.1440625,0.10148526728153229,-320.22833251953125,-260.352783203125,35.939537048339844,112.77784729003906,122.07185363769531,8.540260314941406,12.690326690673828,27.702369689941406,13.916476249694824,-44.403602600097656,-9.879508018493652,20.958396911621094,0.1115625,0.08668558299541473,-346.9538269042969,-256.7191162109375,50.459228515625,101.41487121582031,112.46090698242188,8.346875190734863,6.41087532043457,14.623651504516602,7.210807800292969,-51.86504364013672,-13.601175308227539,21.622644424438477,0.0371875,0.09024805575609207,-380.9805908203125,-276.5419006347656,57.436405181884766,117.54069519042969,132.2618408203125,15.126843452453613,19.252965927124023,33.4698486328125,15.070317268371582,-46.46784973144531,-20.320222854614258,18.817607879638672,0.036250000000000004,0.1064138188958168,-376.34417724609375,-275.3488464355469,51.605953216552734,116.33172607421875,123.75741577148438,5.82517147064209,56.70783233642578,72.60888671875,13.571328163146973,-67.38430786132812,-11.558847427368164,32.25027847290039,0.04375,0.13489967584609985,-400.66796875,-315.21002197265625,52.898460388183594,117.59715270996094,125.3551025390625,4.339737892150879,65.47760009765625,81.58306884765625,17.359210968017578,-75.0439682006836,-13.542686462402344,32.96441650390625,0.05499999999999999,0.11158391833305359,-400.61474609375,-287.57574462890625,65.04989624023438,133.9773406982422,152.080322265625,10.66368579864502,56.025699615478516,107.89874267578125,29.274381637573242,-33.791934967041016,9.547152519226074,26.523765563964844,0.044687500000000005,0.04236592352390289,-422.31732177734375,-290.6836853027344,58.97347640991211,139.1565704345703,164.3232421875,24.47688102722168,103.07179260253906,134.74810791015625,39.483219146728516,-2.118710517883301,22.463409423828125,12.381953239440918,0.1403125,0.013514531776309013,-497.8161926269531,-440.2779846191406,30.208763122558594,131.308837890625,163.48785400390625,29.233020782470703,103.99446105957031,134.3169708251953,30.40283203125,6.20709753036499,35.2786750793457,16.84337043762207
Sal_Crist,Salir,Salir/Sal_Crist.wav,0.1075,0.000826978706754744,-705.728759765625,-593.4682006835938,62.886932373046875,99.18504333496094,129.2353515625,17.623661041259766,34.625511169433594,48.635276794433594,11.701248168945312,-18.960416793823242,19.589881896972656,29.901260375976562,0.462,0.03510553017258644,-613.7354736328125,-588.72705078125,18.116872787475586,-13.103741645812988,-2.6541988849639893,6.318849086761475,61.28046798706055,66.29541015625,4.517197608947754,-75.25520324707031,-53.75345993041992,12.035661697387695,0.092,0.04894494265317917,-449.9754943847656,-344.8205261230469,102.1303482055664,164.2752685546875,223.10125732421875,68.01641845703125,27.40659523010254,49.54523468017578,18.4030704498291,-39.98579025268555,-30.47734832763672,7.5501275062561035,0.05800000000000001,0.0916970744729042,-353.20208740234375,-340.2958679199219,10.34573745727539,204.23001098632812,227.39715576171875,20.462072372436523,18.920520782470703,31.394407272338867,6.7412428855896,-27.002063751220703,2.587845802307129,15.999184608459473,0.025,0.11376658827066422,-393.1512145996094,-310.5138854980469,44.94376754760742,156.2655029296875,188.98318481445312,26.057626724243164,52.279693603515625,72.6580810546875,14.22115421295166,-0.7045740485191345,21.50820541381836,14.154200553894043,0.0505,0.17859631776809692,-309.9784851074219,-245.24476623535156,41.355525970458984,119.65138244628906,125.59130859375,8.326589584350586,83.7010726928711,130.68405151367188,38.34506607055664,-26.47149085998535,7.183453559875488,24.564523696899414,0.042499999999999996,0.1299838125705719,-336.6260681152344,-218.16738891601562,72.3635025024414,126.59275817871094,155.15675354003906,20.947866439819336,85.11972045898438,123.260498046875,38.92586135864258,-22.96019744873047,0.9984887838363647,17.453840255737305,0.026000000000000002,0.06059853360056877,-459.9031677246094,-407.9700622558594,37.60569381713867,168.33779907226562,185.90377807617188,18.17635726928711,83.70284271240234,102.29663848876953,18.961406707763672,-6.565131187438965,13.206936836242676,12.287581443786621,0.031,0.019555527716875076,-528.4063110351562,-419.0001220703125,68.85935974121094,134.71463012695312,160.8427734375,18.12283706665039,86.72017669677734,139.20953369140625,42.089691162109375,-2.8527088165283203,10.518826484680176,11.86734676361084,0.08499999999999999,0.0029133372008800507,-611.4407958984375,-538.0826416015625,41.40129089355469,97.37806701660156,122.0081558227539,21.076091766357422,75.30296325683594,108.62680053710938,29.309701919555664,-6.286482810974121,9.836795806884766,12.29692268371582
Sal_Est,Salir,Salir/Sal_Est.wav,0.29071428571428576,0.0368686318397522,-450.6363220214844,-211.80514526367188,122.86959838867188,44.33642578125,157.20584106445312,68.77772521972656,35.48954391479492,52.30027770996094,19.56189727783203,-50.93734359741211,-30.871906280517578,10.967718124389648,0.09107142857142857,0.2139054834842682,-260.9585876464844,-204.6431884765625,34.193756103515625,114.15970611572266,122.51554107666016,7.930180549621582,-3.406912088394165,6.954269886016846,9.178969383239746,-53.36082077026367,-26.176692962646484,18.59154510498047,0.08607142857142856,0.1537717580795288,-268.96173095703125,-208.3424835205078,38.39330291748047,95.9596939086914,107.93321228027344,8.286788940429688,5.666548728942871,19.577320098876953,10.058536529541016,-50.79229736328125,-19.310626983642578,21.79741096496582,0.07714285714285715,0.05256316810846329,-344.6376953125,-236.5544891357422,60.24444580078125,109.66927337646484,119.34733581542969,4.769886016845703,24.06380271911621,43.0037956237793,16.876569747924805,-63.95892333984375,-25.279720306396484,28.98518943786621,0.056071428571428564,0.03890961781144142,-394.9765319824219,-342.4326477050781,35.61499786376953,103.11100006103516,125.9534683227539,12.335713386535645,60.182884216308594,75.52828979492188,16.847183227539062,-63.82454299926758,-36.652462005615234,20.079885482788086,0.062142857142857146,0.05346406251192093,-399.6844787597656,-338.58331298828125,37.05111312866211,73.85797882080078,83.5018539428711,7.975295543670654,78.314697265625,95.65948486328125,11.343456268310547,-73.28875732421875,-39.68320083618164,24.644975662231445,0.06607142857142857,0.04937368631362915,-405.56500244140625,-339.1388244628906,38.32965850830078,86.7789535522461,99.61738586425781,7.961200714111328,94.8450927734375,119.91747283935547,24.271434783935547,-60.703739166259766,-13.096439361572266,27.892488479614258,0.03571428571428571,0.028856107965111732,-461.0160827636719,-396.66748046875,40.196231842041016,124.5408706665039,136.38633728027344,9.368470191955566,79.12091827392578,99.25498962402344,19.240131378173828,-25.229280471801758,-0.13123774528503418,19.324419021606445,0.04285714285714285,0.03245214372873306,-460.04736328125,-411.6484375,29.374858856201172,130.46009826660156,141.0609130859375,5.60265588760376,73.08514404296875,88.15949249267578,12.937301635742188,-31.365909576416016,-6.285443305969238,15.94329833984375,0.10857142857142857,0.007987014017999172,-531.26171875,-489.57769775390625,21.17376136779785,110.8031234741211,134.55104064941406,12.910272598266602,83.65055084228516,108.35404968261719,21.834774017333984,-28.538331985473633,-7.482250690460205,15.023568153381348
Sal_Lou,Salir,Salir/Sal_Lou.wav,0.1315,0.006307811941951513,-538.9581298828125,-482.32574462890625,42.287845611572266,75.40902709960938,100.08836364746094,22.47468376159668,90.82061767578125,110.86575317382812,16.93753433227539,-39.82796859741211,-26.202741622924805,13.000636100769043,0.078,0.11897847801446915,-280.26715087890625,-158.84378051757812,88.53763580322266,134.2545166015625,171.10833740234375,29.188491821289062,32.8416748046875,49.87575149536133,16.727014541625977,-42.544891357421875,-22.158815383911133,16.011436462402344,0.097,0.17135784029960632,-212.56777954101562,-161.93116760253906,35.46507263183594,111.399658203125,128.15151977539062,12.281943321228027,42.067569732666016,72.07095336914062,27.656606674194336,-50.39534378051758,-25.390785217285156,22.301212310791016,0.0705,0.08019520342350006,-313.70953369140625,-221.5598907470703,66.80558013916016,136.14578247070312,162.427490234375,20.977378845214844,73.30066680908203,86.40731811523438,9.556593894958496,-36.203094482421875,-9.405721664428711,17.685871124267578,0.025500000000000002,0.06292859464883804,-369.1112365722656,-332.75714111328125,18.45013427734375,125.56108093261719,133.97848510742188,10.014627456665039,82.6075668334961,104.2039794921875,16.73062515258789,-47.329830169677734,-27.39523696899414,15.2818021774292,0.052000000000000005,0.10107789188623428,-324.7938537597656,-281.22802734375,33.22195053100586,99.8083724975586,105.6801528930664,4.286890983581543,91.20934295654297,114.29730987548828,23.538372039794922,-52.87596893310547,-20.244098663330078,22.03335189819336,0.045,0.07149515300989151,-342.91436767578125,-284.1558532714844,47.56513214111328,105.51838684082031,122.65860748291016,11.58154010772705,67.80455017089844,101.0271224975586,29.469120025634766,-37.738121032714844,-12.722661972045898,21.150081634521484,0.045,0.07866886258125305,-356.76727294921875,-281.4257507324219,43.7958869934082,120.8249282836914,134.7613983154297,12.75481128692627,78.35323333740234,107.71603393554688,26.169357299804688,-23.333581924438477,4.824779033660889,18.87921905517578,0.08549999999999999,0.02050575613975525,-439.3285217285156,-406.74053955078125,26.27100944519043,122.71995544433594,150.0605010986328,32.99829864501953,76.50929260253906,115.5947265625,28.404083251953125,-10.729342460632324,16.413747787475586,16.83661460876465,0.0975,0.011263929307460785,-495.5546875,-402.4136962890625,76.81846618652344,91.14596557617188,128.21975708007812,20.17948341369629,75.68575286865234,116.78205108642578,23.716981887817383,-19.232812881469727,-1.2429285049438477,16.124319076538086
Sal_Lou2,Salir,Salir/Sal_Lou2.wav,0.21649999999999997,0.0029686037451028824,-547.2757568359375,-513.338623046875,37.87370681762695,78.3260498046875,85.0692138671875,6.643110275268555,57.114891052246094,69.86904907226562,9.851837158203125,-59.16943359375,-31.204618453979492,16.42466926574707,0.052000000000000005,0.13211986422538757,-370.34954833984375,-271.1929016113281,100.6475601196289,187.2769775390625,217.3228302001953,37.91183853149414,23.94562339782715,33.29599380493164,5.736144065856934,-32.41804504394531,-1.756835699081421,23.464431762695312,0.0635,0.13225480914115906,-295.56158447265625,-253.20626831054688,32.82769012451172,167.50782775878906,184.21939086914062,18.026714324951172,33.874351501464844,45.42896270751953,9.995960235595703,-42.15557861328125,-12.07636833190918,18.17548179626465,0.0385,0.09670957177877426,-341.64410400390625,-264.35089111328125,58.2495231628418,149.3578338623047,182.00442504882812,20.242338180541992,38.35961151123047,55.95040512084961,14.366972923278809,-32.26500701904297,9.514698028564453,23.74980926513672,0.029500000000000005,0.09263668954372406,-378.8234558105469,-249.8216094970703,81.64915466308594,121.2090835571289,134.13623046875,12.789762496948242,54.283653259277344,82.5725326538086,24.073482513427734,-19.270042419433594,5.165488243103027,20.08282470703125,0.041999999999999996,0.11322548240423203,-367.82928466796875,-251.28204345703125,80.9128646850586,117.24360656738281,130.54901123046875,12.758687019348145,63.63177490234375,112.28884887695312,38.65758514404297,-32.019554138183594,-6.9989728927612305,18.775733947753906,0.037,0.06843341886997223,-421.3656311035156,-338.45977783203125,67.94853210449219,138.1273651123047,165.0955810546875,19.259281158447266,70.27792358398438,109.17239379882812,32.23716735839844,-26.373641967773438,-2.2671172618865967,22.670591354370117,0.032,0.07410641014575958,-416.042724609375,-352.6946716308594,53.35769271850586,157.97242736816406,189.3525848388672,26.750356674194336,67.26061248779297,105.85582733154297,31.077329635620117,-26.470947265625,1.4747343063354492,24.23304557800293,0.16100000000000003,0.02809343859553337,-451.0807189941406,-363.0811462402344,53.01057815551758,84.45448303222656,141.5243682861328,62.303367614746094,78.72286224365234,123.88865661621094,36.918670654296875,-30.459217071533203,1.579223871231079,28.996623992919922,0.2785,0.01147580984979868,-483.35443115234375,-461.38311767578125,15.685641288757324,26.340534210205078,66.60917663574219,35.20664978027344,87.66461944580078,128.42178344726562,27.044363021850586,-35.64407730102539,0.2781086564064026,20.48164939880371
Sal_Mari,Salir,Salir/Sal_Mari.wav,0.22916666666666666,0.003394792089238763,-616.2784423828125,-505.48388671875,85.36723327636719,80.64871978759766,129.9165802001953,22.820953369140625,39.39669418334961,53.21166229248047,12.064447402954102,-48.83534622192383,-22.297338485717773,20.67235565185547,0.07208333333333335,0.15203292667865753,-317.6553955078125,-247.09835815429688,39.2437744140625,167.79917907714844,202.46450805664062,29.43637466430664,-14.793612480163574,-2.926128625869751,12.833746910095215,-52.95829772949219,-30.624195098876953,15.006523132324219,0.10083333333333333,0.16775639355182648,-301.6289367675781,-189.73719787597656,62.100616455078125,132.6482696533203,161.96890258789062,23.19637107849121,-23.78095817565918,-6.100368499755859,14.786140441894531,-38.27827072143555,-17.884632110595703,16.94135284423828,0.08750000000000001,0.14302505552768707,-327.1874084472656,-258.9408264160156,38.64192581176758,146.7367401123047,167.0476531982422,13.368571281433105,-9.22943115234375,2.2226414680480957,10.269782066345215,-37.95088577270508,-11.700431823730469,15.936715126037598,0.07041666666666667,0.07977914810180664,-359.0984802246094,-274.9264221191406,47.4152946472168,129.3537139892578,139.48147583007812,10.266044616699219,10.246899604797363,22.239871978759766,7.891685962677002,-45.26865005493164,-20.898881912231445,18.367908477783203,0.03875,0.034643106162548065,-442.4081726074219,-382.1190490722656,42.85299301147461,131.58792114257812,148.94395446777344,11.965498924255371,37.72712326049805,61.00847625732422,23.325843811035156,-30.08147430419922,-4.209910869598389,18.764423370361328,0.06833333333333334,0.037066493183374405,-418.8895263671875,-362.9759216308594,32.61492919921875,105.00183868408203,113.6785659790039,9.978940963745117,66.09201049804688,84.76893615722656,17.210840225219727,-50.65165710449219,-2.6329708099365234,30.656301498413086,0.04583333333333334,0.037321608513593674,-445.1424865722656,-370.953369140625,41.87330627441406,104.8520736694336,119.78424072265625,14.26488971710205,70.23796844482422,90.6930923461914,19.36532974243164,-50.20292282104492,-9.676697731018066,24.82471466064453,0.049166666666666664,0.03402138873934746,-450.3416442871094,-392.2955017089844,34.66945266723633,136.39747619628906,168.35317993164062,24.137771606445312,63.90670394897461,85.70042419433594,18.71772003173828,-37.61396408081055,-12.507770538330078,15.106666564941406,0.10458333333333332,0.008513486944139004,-533.7819213867188,-491.5352783203125,30.849985122680664,114.29346466064453,131.8804931640625,8.8016996383667,69.52008056640625,98.63601684570312,29.79770278930664,-55.68202209472656,-8.661498069763184,27.524030685424805
Sal_Mari2,Salir,Salir/Sal_Mari2.wav,0.1497222222222222,0.045789413154125214,-482.34332275390625,-343.6641540527344,87.02420043945312,110.12374114990234,228.55020141601562,82.92620086669922,4.589030742645264,30.666112899780273,20.874895095825195,-38.83420944213867,-23.7921142578125,12.388640403747559,0.1011111111111111,0.08847007155418396,-378.3836364746094,-267.15838623046875,46.05572509765625,157.5280303955078,180.53382873535156,17.29292106628418,-26.559900283813477,-12.232012748718262,7.633225440979004,-28.17461395263672,-2.6438064575195312,18.141143798828125,0.10527777777777778,0.08406201750040054,-373.66888427734375,-271.7118225097656,48.95075607299805,144.16455078125,175.46875,15.936981201171875,-17.015527725219727,-3.1347928047180176,11.576643943786621,-27.842756271362305,-3.943800449371338,17.32592010498047,0.10500000000000001,0.07488422095775604,-384.0015869140625,-329.86138916015625,27.846359252929688,148.5388946533203,173.44744873046875,16.76231575012207,11.984251022338867,49.49442672729492,24.28397560119629,-35.02757263183594,-0.2415776252746582,18.021018981933594,0.035,0.07440845668315887,-416.20257568359375,-281.60784912109375,59.566566467285156,118.53614807128906,165.97894287109375,27.42328453063965,58.17224884033203,88.52365112304688,20.23105812072754,-32.373409271240234,-11.511948585510254,13.337038040161133,0.028055555555555556,0.13228850066661835,-368.5776062011719,-266.6282043457031,56.16321563720703,82.92247009277344,107.1719970703125,12.850470542907715,91.81106567382812,120.63336181640625,33.88975143432617,-43.04404067993164,-4.123844146728516,23.009790420532227,0.031111111111111114,0.1454600840806961,-368.70751953125,-226.83941650390625,66.68929290771484,90.42731475830078,111.22750854492188,15.411105155944824,93.86639404296875,127.93017578125,37.279457092285156,-35.52210235595703,-1.3457854986190796,21.202062606811523,0.03416666666666667,0.09207648783922195,-408.8065490722656,-227.86978149414062,99.20183563232422,140.6402130126953,169.78668212890625,19.43067741394043,56.36894989013672,90.79981994628906,22.346336364746094,10.53347396850586,31.668895721435547,11.788121223449707,0.03638888888888889,0.06995755434036255,-426.91162109375,-318.5473937988281,54.019561767578125,163.26121520996094,194.201904296875,30.31845474243164,33.69655990600586,43.652679443359375,6.191707134246826,-4.335292339324951,24.022510528564453,17.698583602905273,0.03805555555555555,0.005812140181660652,-660.79345703125,-407.4366149902344,120.58605194091797,125.25226593017578,156.32315063476562,28.644338607788086,52.10496139526367,98.45675659179688,31.38228988647461,-5.979801654815674,3.5711896419525146,7.4049601554870605
sal_Mari3,Salir,Salir/sal_Mari3.wav,0.155,0.03410182148218155,-442.63751220703125,-281.69891357421875,80.4229507446289,115.59414672851562,233.5787353515625,61.5069694519043,35.976409912109375,58.337371826171875,16.830690383911133,-31.940814971923828,-10.797477722167969,9.086177825927734,0.08406250000000001,0.08580636233091354,-370.25,-272.564208984375,56.22954559326172,163.09486389160156,201.20468139648438,25.26288604736328,-12.87232780456543,1.6903233528137207,10.265249252319336,-28.51518440246582,-5.891772270202637,14.18266773223877,0.10593749999999999,0.082311250269413,-382.8597412109375,-294.7230529785156,53.3494987487793,146.76304626464844,159.30636596679688,11.0044527053833,-30.672943115234375,-22.011306762695312,5.735380172729492,-28.00464630126953,-3.7782516479492188,16.73885154724121,0.07875000000000001,0.07491609454154968,-373.107421875,-280.4333801269531,52.68185043334961,138.38418579101562,149.10800170898438,13.505245208740234,-4.4286417961120605,22.648357391357422,18.623044967651367,-31.68262481689453,-7.3240461349487305,16.239410400390625,0.031875,0.0823422223329544,-399.4833984375,-274.013916015625,75.97835540771484,111.25297546386719,134.687255859375,13.143445014953613,51.75847625732422,91.27764892578125,39.0428466796875,-27.733375549316406,-5.736750602722168,13.296810150146484,0.035937500000000004,0.13158029317855835,-359.7601318359375,-263.6015319824219,56.3034782409668,76.64556884765625,93.81890869140625,8.122381210327148,98.11505126953125,131.88414001464844,37.34800338745117,-48.04595184326172,-10.329217910766602,26.417837142944336,0.0409375,0.13915032148361206,-366.241455078125,-231.863525390625,69.63829803466797,88.73859405517578,103.25464630126953,8.945762634277344,103.19400024414062,137.4041748046875,38.504852294921875,-40.890106201171875,-4.403592109680176,22.301816940307617,0.0403125,0.10673893243074417,-373.8966369628906,-224.35963439941406,103.53520965576172,141.23684692382812,183.910400390625,26.58617401123047,54.08591842651367,106.78253173828125,31.62537384033203,-2.2394089698791504,16.861928939819336,10.246452331542969,0.0453125,0.07065598666667938,-404.68768310546875,-205.43765258789062,106.81121063232422,189.90899658203125,226.38970947265625,40.3152961730957,21.931129455566406,43.66546630859375,22.316871643066406,-10.58447551727295,8.744421005249023,14.870466232299805,0.038125000000000006,0.006696845404803753,-693.3433837890625,-530.2706298828125,80.309326171875,124.88436889648438,143.15725708007812,11.888904571533203,53.02178955078125,77.25898742675781,14.532397270202637,-7.1607770919799805,19.29376983642578,14.669116020202637
Sal_Pil,Salir,Salir/Sal_Pil.wav,0.2785,0.0005315961898304522,-716.8072509765625,-617.6526489257812,61.47179412841797,41.023406982421875,57.188392639160156,11.157439231872559,43.98149490356445,58.503944396972656,13.207209587097168,-42.661598205566406,-35.196441650390625,4.873918533325195,0.066,0.12794315814971924,-360.83453369140625,-235.82037353515625,95.64336395263672,148.7300567626953,166.88365173339844,17.119626998901367,14.871435165405273,27.637285232543945,11.372857093811035,-52.734962463378906,-26.9713134765625,15.95311164855957,0.095,0.1822585016489029,-248.5095672607422,-216.8780975341797,31.083637237548828,126.6365966796875,135.35940551757812,8.935657501220703,5.670970916748047,20.56247901916504,12.219539642333984,-44.07343673706055,-12.587923049926758,21.845346450805664,0.062,0.11230240017175674,-298.2704772949219,-220.8226776123047,47.74958419799805,137.98269653320312,169.79238891601562,23.152936935424805,9.777261734008789,28.847070693969727,16.79441261291504,-39.735801696777344,-8.191356658935547,21.14801025390625,0.039,0.07938820868730545,-378.8033142089844,-287.82464599609375,54.47957229614258,141.56228637695312,157.81088256835938,14.325925827026367,34.54084014892578,52.73481750488281,14.96141529083252,-15.10302734375,1.4458215236663818,17.194137573242188,0.0405,0.04786577820777893,-445.34893798828125,-414.7402038574219,19.812211990356445,154.9918975830078,181.629150390625,13.496699333190918,75.28413391113281,89.35006713867188,19.67123031616211,-35.803627014160156,4.11410665512085,23.95570945739746,0.0505,0.045001424849033356,-484.7427673339844,-453.07037353515625,21.04374885559082,157.56741333007812,188.81698608398438,19.414365768432617,87.7596206665039,105.23876953125,15.537035942077637,-59.42829132080078,-41.10651779174805,10.166841506958008,0.05700000000000001,0.06572853028774261,-462.77288818359375,-423.4344177246094,25.801626205444336,140.4832763671875,162.1309814453125,18.19145393371582,81.95655059814453,113.24112701416016,31.286680221557617,-48.973487854003906,-2.0039467811584473,23.621204376220703,0.040999999999999995,0.021034428849816322,-473.90228271484375,-379.537841796875,60.67688751220703,140.54525756835938,185.34800720214844,34.50271987915039,46.981075286865234,65.72444152832031,19.364736557006836,-27.537389755249023,-3.473630905151367,23.974626541137695,0.0245,0.014335164800286293,-545.2415771484375,-457.3928527832031,57.54480743408203,151.19715881347656,169.78451538085938,19.722654342651367,48.225711822509766,75.4946517944336,21.20164680480957,-12.356910705566406,10.887206077575684,14.78487491607666
Sal_Pil2,Salir,Salir/Sal_Pil2.wav,0.19250000000000003,0.0020847960840910673,-617.2512817382812,-426.20404052734375,98.0539779663086,77.70366668701172,95.5372314453125,12.18415641784668,30.057212829589844,51.051273345947266,15.573202133178711,-31.91937828063965,-1.2299166917800903,18.564083099365234,0.06916666666666667,0.16139037907123566,-337.88885498046875,-285.8447265625,24.195568084716797,188.0110626220703,204.63882446289062,19.662906646728516,-30.615713119506836,-4.00038480758667,12.400501251220703,-28.935340881347656,-2.9491052627563477,13.973819732666016,0.06541666666666666,0.1313173472881317,-332.7969970703125,-284.120361328125,26.291257858276367,176.4170684814453,189.48866271972656,8.914278984069824,-9.782319068908691,8.592912673950195,14.615642547607422,-24.09162139892578,4.9682207107543945,20.6065731048584,0.037500000000000006,0.0712200477719307,-390.6986083984375,-339.379638671875,40.32864761352539,157.5114288330078,171.64404296875,21.351747512817383,33.11992263793945,52.2354621887207,14.40172004699707,-22.497629165649414,3.742098331451416,20.21588134765625,0.024583333333333332,0.07807090133428574,-395.259033203125,-314.5349426269531,46.88444900512695,131.3513946533203,149.81008911132812,18.211782455444336,46.8753547668457,70.80460357666016,19.834226608276367,-29.263425827026367,-4.895772933959961,20.012386322021484,0.028749999999999998,0.10207191109657288,-396.569091796875,-309.1993713378906,52.99667739868164,129.65711975097656,141.13433837890625,13.436046600341797,63.4589729309082,88.50164794921875,20.303340911865234,-41.9462776184082,3.4088101387023926,27.959007263183594,0.05166666666666667,0.09752245992422104,-408.5664978027344,-348.8242492675781,32.72456741333008,139.77719116210938,171.88552856445312,16.402429580688477,75.97753143310547,101.1515121459961,23.638397216796875,-41.0668830871582,-3.7176194190979004,23.180246353149414,0.030416666666666665,0.05523103103041649,-428.2096252441406,-351.94464111328125,53.280433654785156,163.22328186035156,200.62783813476562,33.027748107910156,44.076019287109375,62.516448974609375,12.604331016540527,-18.82145118713379,12.935928344726562,18.72230339050293,0.021666666666666667,0.028222426772117615,-510.3212585449219,-336.76007080078125,93.66995239257812,143.3212432861328,177.56991577148438,25.02645492553711,43.329830169677734,63.025390625,15.667814254760742,0.9455699920654297,12.913161277770996,11.892599105834961,0.01625,0.007616027723997831,-662.1633911132812,-581.2429809570312,76.1784896850586,136.322509765625,179.84747314453125,23.59576988220215,34.41097640991211,47.212913513183594,11.060930252075195,16.27748680114746,26.889204025268555,9.335058212280273
Sal_Rob,Salir,Salir/Sal_Rob.wav,0.4353125,0.018857039511203766,-425.51605224609375,-372.82196044921875,42.136417388916016,28.618419647216797,50.35047912597656,16.58626937866211,41.702308654785156,66.23271179199219,18.092309951782227,-83.58084106445312,-38.56854248046875,21.989444732666016,0.2675,0.0626111775636673,-321.33514404296875,-242.81936645507812,34.6885986328125,65.51441955566406,145.5054168701172,60.813018798828125,42.637664794921875,62.679866790771484,16.418180465698242,-62.09741973876953,-23.164344787597656,23.32026481628418,0.06968750000000001,0.18769985437393188,-220.0244598388672,-196.734375,15.478581428527832,141.7698974609375,156.50628662109375,8.157721519470215,40.75904846191406,58.5843505859375,17.55238151550293,-56.62015151977539,4.76953125,27.40608787536621,0.06843750000000001,0.13252007961273193,-282.0930480957031,-217.6115264892578,37.57316207885742,162.5067596435547,178.39849853515625,9.208057403564453,47.49250030517578,58.38909149169922,8.619888305664062,-46.739219665527344,-16.58075714111328,15.992319107055664,0.041249999999999995,0.0718931257724762,-369.01995849609375,-324.8948059082031,23.305068969726562,157.64906311035156,172.89108276367188,14.025933265686035,62.334712982177734,78.79789733886719,17.489517211914062,-24.52525520324707,12.510194778442383,18.155710220336914,0.07375000000000001,0.09478312730789185,-358.26959228515625,-324.5738830566406,15.998769760131836,141.7845916748047,166.56784057617188,17.92824363708496,104.9790267944336,124.73429870605469,18.512298583984375,-30.16214942932129,4.982985496520996,17.183486938476562,0.0715625,0.09899033606052399,-352.4975280761719,-307.8432312011719,20.463787078857422,106.65116882324219,116.61543273925781,6.4695658683776855,115.93109130859375,130.13536071777344,15.408734321594238,-35.865966796875,1.4688200950622559,20.182157516479492,0.0515625,0.0611441507935524,-372.13555908203125,-278.1171569824219,46.581974029541016,154.3671417236328,178.77862548828125,25.877639770507812,72.86918640136719,91.19760131835938,10.815908432006836,-2.5238542556762695,9.552682876586914,7.597021579742432,0.0378125,0.029466677457094193,-451.5045471191406,-406.36956787109375,23.831960678100586,154.6552734375,166.03781127929688,9.698385238647461,67.92253112792969,82.12651062011719,12.331506729125977,-12.625253677368164,15.478873252868652,14.252573013305664,0.032187499999999994,0.013327152468264103,-556.660888671875,-455.3203125,58.28786087036133,148.54901123046875,166.97921752929688,18.153247833251953,61.72785949707031,77.33975982666016,13.716460227966309,-8.781502723693848,8.296813011169434,12.793394088745117
Sal_Tom,Salir,Salir/Sal_Tom.wav,0.21300000000000002,0.007510568015277386,-456.8309020996094,-438.01025390625,31.70771598815918,82.29132080078125,112.97683715820312,22.159944534301758,52.836082458496094,71.016845703125,15.189072608947754,-42.96753692626953,-7.568641662597656,26.81070899963379,0.037,0.14526766538619995,-294.8388977050781,-209.41249084472656,74.62601470947266,169.6913604736328,195.8521728515625,28.792804718017578,28.18312644958496,40.087772369384766,11.800950050354004,-9.937108993530273,10.596282958984375,13.969779968261719,0.0635,0.11662741005420685,-250.6093292236328,-204.05886840820312,28.05125617980957,153.0965118408203,176.82998657226562,26.247482299804688,37.52985382080078,59.287803649902344,21.816970825195312,-31.083999633789062,-1.077867865562439,19.57590675354004,0.043,0.08978666365146637,-343.74835205078125,-300.906494140625,38.191646575927734,162.42440795898438,178.02969360351562,16.921836853027344,74.9380874633789,96.73989868164062,16.723873138427734,-18.08369255065918,8.920846939086914,15.233362197875977,0.032999999999999995,0.09796937555074692,-369.7582702636719,-324.72808837890625,27.924915313720703,141.2946014404297,150.9047088623047,9.225743293762207,79.15716552734375,113.7138671875,30.383922576904297,-12.209844589233398,20.918787002563477,23.664085388183594,0.0235,0.10829977691173553,-384.3916931152344,-367.8969421386719,12.752091407775879,147.6735076904297,153.02975463867188,5.114153861999512,94.78462219238281,109.41094970703125,12.888972282409668,-19.373538970947266,-4.392468452453613,10.343236923217773,0.032,0.09112488478422165,-376.36907958984375,-344.24066162109375,22.019657135009766,145.5457000732422,154.53286743164062,7.1095781326293945,93.92465209960938,109.79424285888672,15.444079399108887,-18.578720092773438,0.8834589719772339,12.262263298034668,0.046,0.07634417712688446,-317.3577575683594,-283.1630554199219,17.904809951782227,142.6511688232422,165.36395263671875,16.8508243560791,75.44590759277344,93.4699935913086,16.759450912475586,-18.05620002746582,5.98053503036499,18.440444946289062,0.07599999999999998,0.024681469425559044,-404.8694152832031,-339.0211181640625,37.787681579589844,121.69486999511719,158.22415161132812,30.240617752075195,75.11490631103516,102.42063903808594,28.339574813842773,-26.93550682067871,7.551819801330566,29.445032119750977,0.1945,0.012920300476253033,-463.16668701171875,-444.2928161621094,12.789512634277344,87.29182434082031,110.40723419189453,18.294702529907227,95.61842346191406,116.30094909667969,18.20121955871582,-34.304664611816406,-11.975967407226562,18.02974510192871
Sal_Tom2,Salir,Salir/Sal_Tom2.wav,0.21321428571428575,0.01872922293841839,-423.1368103027344,-290.56817626953125,73.7448959350586,84.85160064697266,112.89509582519531,18.65580177307129,39.56679153442383,46.918540954589844,7.689267158508301,-34.98641586303711,7.051314353942871,22.084627151489258,0.0707142857142857,0.13745401799678802,-239.41293334960938,-218.741455078125,12.415127754211426,158.91773986816406,172.52999877929688,17.731372833251953,23.796926498413086,36.6489372253418,12.844404220581055,-44.3447151184082,-6.997139930725098,21.87746238708496,0.07071428571428572,0.11950302869081497,-260.0824279785156,-234.10922241210938,15.179547309875488,159.142578125,175.19601440429688,14.674286842346191,25.54203224182129,42.245208740234375,11.722932815551758,-39.892005920410156,-13.56355094909668,15.611801147460938,0.03571428571428571,0.07566207647323608,-356.4423828125,-261.0028381347656,62.48738098144531,145.75347900390625,171.5869598388672,22.9970760345459,55.64208984375,83.61636352539062,25.017698287963867,-15.335258483886719,7.795159339904785,13.848557472229004,0.030000000000000002,0.07794596254825592,-368.7597351074219,-322.94329833984375,27.363021850585938,133.8480987548828,158.67431640625,15.893427848815918,74.9190673828125,108.99667358398438,30.526485443115234,-16.095945358276367,7.535972595214844,16.699487686157227,0.030357142857142857,0.10711812973022461,-363.6185607910156,-271.9472351074219,44.51310729980469,122.3874282836914,127.19450378417969,4.793431282043457,83.08245849609375,110.82381439208984,28.320331573486328,-20.49648094177246,2.2108712196350098,15.694279670715332,0.04107142857142857,0.12675108015537262,-308.61279296875,-254.9846954345703,32.347389221191406,117.53389739990234,130.0419921875,7.744395732879639,81.93353271484375,119.75827026367188,33.08168411254883,-17.238601684570312,3.281517744064331,17.428504943847656,0.051071428571428566,0.08898558467626572,-299.1192932128906,-258.909423828125,28.72934913635254,142.9615020751953,166.06356811523438,20.31094741821289,31.392839431762695,63.31854248046875,21.91069793701172,-20.63278579711914,-0.49361085891723633,16.43620491027832,0.06607142857142857,0.03666489198803902,-389.07183837890625,-253.9402313232422,77.75314331054688,158.06790161132812,188.90196228027344,32.91970443725586,42.4025993347168,61.80097579956055,26.468233108520508,-25.39493751525879,5.921450614929199,21.722518920898438,0.08392857142857142,0.01039134245365858,-480.7203674316406,-435.5338439941406,24.023916244506836,132.97154235839844,171.12759399414062,25.00872230529785,71.70271301269531,102.35543823242188,20.638526916503906,-40.02741241455078,-9.404793739318848,17.594980239868164
Sal_Tom3,Salir,Salir/Sal_Tom3.wav,0.18916666666666665,0.01838565617799759,-480.7038269042969,-422.1404113769531,64.54193878173828,87.45906829833984,202.271240234375,77.54057312011719,23.923425674438477,46.6746711730957,13.173794746398926,-32.85141372680664,10.355602264404297,26.677053451538086,0.05694444444444445,0.07994958758354187,-369.3990478515625,-303.5837097167969,47.44796371459961,184.8656463623047,227.01321411132812,26.480945587158203,15.38713550567627,47.87886047363281,18.81545066833496,-42.517032623291016,-4.206263065338135,17.1231632232666,0.07333333333333333,0.10382170230150223,-345.8101806640625,-285.392578125,47.53010559082031,182.5944061279297,217.20895385742188,31.70962142944336,12.061715126037598,31.06417465209961,10.82972240447998,-34.95935821533203,-0.8379526138305664,15.48168659210205,0.07583333333333334,0.1298236846923828,-293.1798095703125,-232.6869354248047,54.67536163330078,164.44390869140625,192.77548217773438,23.11536407470703,23.914636611938477,42.70833969116211,11.70121955871582,-25.14545440673828,15.379886627197266,18.991188049316406,0.03138888888888889,0.08159346878528595,-427.390380859375,-271.957763671875,92.49252319335938,142.77581787109375,166.555419921875,21.868337631225586,94.93952178955078,113.02555847167969,15.209300994873047,-4.891507148742676,15.942022323608398,13.903306007385254,0.03416666666666667,0.07473170757293701,-422.8654479980469,-254.83872985839844,77.41016387939453,142.51580810546875,178.22467041015625,24.555633544921875,94.41531372070312,146.75367736816406,31.259206771850586,-23.49129295349121,14.664093971252441,19.705448150634766,0.028333333333333335,0.11830520629882812,-397.7284851074219,-246.78192138671875,89.9610595703125,142.85623168945312,163.3073272705078,15.510530471801758,93.19257354736328,135.3693389892578,40.614845275878906,-10.993966102600098,17.288293838500977,19.687580108642578,0.03916666666666667,0.08539053052663803,-406.8891906738281,-281.13623046875,61.817848205566406,133.3476104736328,146.50668334960938,6.839707851409912,108.23397064208984,161.41058349609375,47.40520095825195,-28.028596878051758,7.014246940612793,23.27304458618164,0.035277777777777776,0.08371227979660034,-438.1663513183594,-390.3846130371094,36.314144134521484,144.6954803466797,155.32469177246094,6.774583339691162,102.8947525024414,133.17269897460938,28.666519165039062,-16.53840446472168,21.532562255859375,18.726394653320312,0.15805555555555556,0.004909291863441467,-599.692138671875,-489.3240966796875,125.84376525878906,71.13328552246094,138.4388885498047,53.51333999633789,82.6944808959961,126.09898376464844,37.68601608276367,-30.81772804260254,30.117725372314453,32.75299072265625
Sal_Tom4,Salir,Salir/Sal_Tom4.wav,0.18772727272727271,0.10759236663579941,-426.0804748535156,-234.8335723876953,126.2405776977539,109.49449920654297,195.6024169921875,67.9412841796875,-0.17459367215633392,30.692264556884766,23.65989112854004,-44.74823760986328,-15.531771659851074,22.273088455200195,0.09499999999999999,0.14698021113872528,-298.3879699707031,-198.1788787841797,40.995384216308594,139.29837036132812,158.6111602783203,9.908347129821777,-5.493233680725098,3.3703019618988037,7.554294586181641,-47.555076599121094,-3.5320000648498535,23.39329719543457,0.06886363636363636,0.12071051448583603,-371.9765319824219,-286.1057434082031,41.569034576416016,156.21385192871094,171.1663055419922,8.497282981872559,-8.473023414611816,6.183018207550049,7.164093971252441,-39.936744689941406,-7.228817939758301,16.68718719482422,0.029090909090909098,0.1251392513513565,-428.4851379394531,-273.6977844238281,59.52427291870117,150.67657470703125,169.47872924804688,17.162307739257812,52.56443786621094,98.41400146484375,30.67951774597168,-12.563003540039062,13.641735076904297,12.849466323852539,0.03477272727272728,0.06839628517627716,-492.2833251953125,-374.1399230957031,57.338829040527344,153.12660217285156,177.28189086914062,18.279951095581055,93.93026733398438,115.93087768554688,27.30478858947754,-2.321892499923706,17.661693572998047,10.75832748413086,0.0275,0.05713161081075668,-560.1533203125,-450.81982421875,39.24694061279297,152.7614288330078,171.65725708007812,11.598155975341797,104.33552551269531,126.72564697265625,22.085926055908203,-4.673243045806885,27.333740234375,13.823221206665039,0.029090909090909087,0.05251338705420494,-556.0755004882812,-346.3524475097656,69.46513366699219,161.47793579101562,195.567626953125,18.12787628173828,100.89639282226562,122.04472351074219,27.45097541809082,-6.004458427429199,12.328874588012695,8.49134349822998,0.039318181818181815,0.05790117755532265,-458.73858642578125,-281.0155029296875,70.10348510742188,166.4127655029297,206.14324951171875,33.907257080078125,85.9057388305664,121.41448974609375,32.10602569580078,6.269825458526611,23.723739624023438,9.690811157226562,0.030000000000000006,0.02520039491355419,-547.440673828125,-465.3133850097656,34.15903854370117,186.5321807861328,228.36001586914062,42.38691329956055,66.29362487792969,106.06930541992188,23.346227645874023,27.2249755859375,40.05767822265625,8.890178680419922,0.023636363636363636,0.01872953027486801,-615.7166748046875,-504.990966796875,52.99502182006836,162.507568359375,193.3343048095703,21.663124084472656,47.61558532714844,73.79331970214844,15.41749382019043,45.91490173339844,54.15104675292969,9.94796371459961
